campaign,arm,H,S,T,mu,coordinate,eta_star,eta_ci_low,eta_ci_high,fit_status,interior,bootstrap_invalid,n_seeds,source
pilot,raw,512,1024,2,0.0,"grid1_s_variation, S=1024",0.07889721711967054,0.0638590893696489,0.11767651976105195,EXTRAPOLATED_HIGH,False,7515,2,pilot bank-result.json
pilot,raw,512,1024,2,0.9,"grid1_s_variation, S=1024",0.032448201499834774,0.030144481455934152,0.03618923689615126,INTERIOR,True,0,2,pilot bank-result.json
pilot,raw,512,2560,5,0.5,"grid2_mu_sweep, S=2560",0.022570738832517506,0.022337473558777875,0.02279147899458787,INTERIOR,True,0,2,pilot bank-result.json
pilot,raw,512,2560,5,0.8,"grid2_mu_sweep, S=2560",0.013501369940349998,0.01329805016278891,0.013762949215939778,INTERIOR,True,0,2,pilot bank-result.json
pilot,raw,512,2560,5,0.95,"grid2_mu_sweep, S=2560",0.010211709677104287,0.010083245372657954,0.010390570224139091,INTERIOR,True,0,2,pilot bank-result.json
pilot,raw,512,5120,10,0.0,"grid1_s_variation, S=5120",0.030915581780415195,0.030004269801964727,0.03180867417956082,INTERIOR,True,0,2,pilot bank-result.json
pilot,raw,512,5120,10,0.9,"grid1_s_variation, S=5120",0.005208472183426174,0.005175751956595422,0.005243815325303236,INTERIOR,True,0,2,pilot bank-result.json
pilot,raw,512,10240,20,0.0,"grid1_s_variation, S=10240",0.02419128000346673,0.023778202447117452,0.024508240731905242,EXTRAPOLATED_LOW,False,10000,2,pilot bank-result.json
pilot,raw,512,10240,20,0.9,"grid1_s_variation, S=10240",0.0011991657300122127,0.0009772504856765843,0.0014081178215742903,EXTRAPOLATED_LOW,False,10000,2,pilot bank-result.json
v1,raw,16,2560,160,0.0,H=16,0.02324899146017926,0.022641204282718284,0.023723650934195394,INTERIOR,True,0,5,sealed g1-readout.json
v1,raw,16,2560,160,0.5,H=16,0.01166595025460419,0.01148655952072146,0.011807161451522174,INTERIOR,True,0,5,sealed g1-readout.json
v1,raw,16,2560,160,0.9,H=16,0.0023866932746286255,0.002358432645415548,0.002408616146616331,INTERIOR,True,0,5,sealed g1-readout.json
v1,raw,64,2560,40,0.0,H=64,0.018741287437424044,0.01815388120917314,0.02137632342690695,INTERIOR,True,0,5,sealed g1-readout.json
v1,raw,64,2560,40,0.9,H=64,,,,UNBRACKETED,False,10000,5,sealed g1-readout.json
v1,raw,256,2560,10,0.0,H=256,0.027033408102849998,0.02619079798652554,0.031332041723278,INTERIOR,True,3639,5,sealed g1-readout.json
v1,raw,256,2560,10,0.5,H=256,0.01465196327222498,0.014339925882964623,0.014885870286245547,INTERIOR,True,0,5,sealed g1-readout.json
v1,raw,256,2560,10,0.9,H=256,,0.0065393383153343,0.007512544400936862,UNBRACKETED,False,8606,5,sealed g1-readout.json
v1,raw,512,2560,5,0.0,H=512,0.04440765882962343,0.04374058350447572,0.04530069630613185,INTERIOR,True,0,5,sealed g1-readout.json
v1,raw,512,2560,5,0.9,H=512,0.011153409369304366,0.010794535487612628,0.011416142885185351,INTERIOR,True,0,5,sealed g1-readout.json
v2,raw,16,2560,160,0.0,H=16,0.02306165614323191,0.022907057637438166,0.023287460885579585,INTERIOR,True,0,5,sealed g1v2-readout.json
v2,raw,16,2560,160,0.9,H=16,0.002390097905974249,0.0023765565772580293,0.0024039693676156863,INTERIOR,True,0,5,sealed g1v2-readout.json
v2,raw,64,2560,40,0.0,H=64,0.019635295360083772,0.016636389056799882,0.021033167845996962,INTERIOR,True,4,5,sealed g1v2-readout.json
v2,raw,64,2560,40,0.9,H=64,0.0019565651798951022,0.0019319775202527576,0.0019838089991986367,INTERIOR,True,0,5,sealed g1v2-readout.json
v2,raw,256,2560,10,0.0,H=256,0.027053183469649595,0.021009373571071407,0.030768673068713382,INTERIOR,True,39,5,sealed g1v2-readout.json
v2,raw,256,2560,10,0.9,H=256,,0.003327774772521911,0.005205265836537803,UNBRACKETED,False,5662,5,sealed g1v2-readout.json
v2,raw,512,2560,5,0.0,H=512,0.04429579005615506,0.04358653656023719,0.0451987738033369,INTERIOR,True,0,5,sealed g1v2-readout.json
v2,raw,512,2560,5,0.9,H=512,0.010814101576197574,0.010289047516657863,0.011418993408009585,INTERIOR,True,0,5,sealed g1v2-readout.json
v3,corrected,512,1024,2,0.0,S=1024,0.07766526318797157,0.07565911329028183,0.07992790927895596,INTERIOR,True,0,5,fresh v3 raw results.jsonl
v3,corrected,512,1024,2,0.9,S=1024,0.0074190960273494665,0.007321753265456013,0.007504537850219824,INTERIOR,True,0,5,fresh v3 raw results.jsonl
v3,corrected,512,2560,5,0.0,S=2560,0.04368465066903625,0.043217304182502185,0.044122600384647485,INTERIOR,True,0,5,fresh v3 raw results.jsonl
v3,corrected,512,2560,5,0.9,S=2560,0.0037635069323807826,0.0037009904179706936,0.003826021602977354,INTERIOR,True,0,5,fresh v3 raw results.jsonl
v3,corrected,512,5120,10,0.0,S=5120,0.03225158464590506,0.031921217934271884,0.03263244405798116,INTERIOR,True,0,5,fresh v3 raw results.jsonl
v3,corrected,512,5120,10,0.9,S=5120,0.002412423173519426,0.002370534501361145,0.0024547157165679782,INTERIOR,True,0,5,fresh v3 raw results.jsonl
v3,corrected,512,10240,20,0.0,S=10240,0.027577613353225165,0.027265598491109204,0.027911578085926016,INTERIOR,True,0,5,fresh v3 raw results.jsonl
v3,corrected,512,10240,20,0.9,S=10240,0.0014633398831532362,0.00143917253689954,0.001522736450067774,INTERIOR,True,2238,5,fresh v3 raw results.jsonl
v3,corrected,512,20480,40,0.0,S=20480,,,,UNBRACKETED_HIGH,False,10000,5,fresh v3 raw results.jsonl
v3,corrected,512,20480,40,0.9,S=20480,,,,NONCONVEX,False,10000,5,fresh v3 raw results.jsonl
v3,raw,512,1024,2,0.0,S=1024,0.07766526318797157,0.07565911329028183,0.07992790927895596,INTERIOR,True,0,5,fresh v3 raw results.jsonl
v3,raw,512,1024,2,0.9,S=1024,0.03236670747670132,0.03175358499995223,0.03309868702242877,INTERIOR,True,0,5,fresh v3 raw results.jsonl
v3,raw,512,2560,5,0.0,S=2560,0.04368465066903625,0.043217304182502185,0.044122600384647485,INTERIOR,True,0,5,fresh v3 raw results.jsonl
v3,raw,512,2560,5,0.9,S=2560,0.011213071024992464,0.010980028499783506,0.011509975640344762,INTERIOR,True,0,5,fresh v3 raw results.jsonl
v3,raw,512,5120,10,0.0,S=5120,0.03225158464590506,0.031921217934271884,0.03263244405798116,INTERIOR,True,0,5,fresh v3 raw results.jsonl
v3,raw,512,5120,10,0.9,S=5120,0.00512263751982993,0.005063916841064906,0.005204064493524694,INTERIOR,True,0,5,fresh v3 raw results.jsonl
v3,raw,512,10240,20,0.0,S=10240,0.027577613353225165,0.027265598491109204,0.027911578085926016,INTERIOR,True,0,5,fresh v3 raw results.jsonl
v3,raw,512,10240,20,0.9,S=10240,0.0027297607173336846,0.0027090480201665446,0.0027536032517479843,INTERIOR,True,0,5,fresh v3 raw results.jsonl
v3,raw,512,20480,40,0.0,S=20480,,,,UNBRACKETED_HIGH,False,10000,5,fresh v3 raw results.jsonl
v3,raw,512,20480,40,0.9,S=20480,0.0028449780240488113,0.0026907142060222673,0.0030962942759560456,INTERIOR,True,0,5,fresh v3 raw results.jsonl
v3,snoo-a,512,2560,5,0.0,SNOO subarm a,,0.6092403406899597,0.6335551621333161,UNBRACKETED_LOW,False,9411,5,fresh v3 raw results.jsonl
v3,snoo-b,512,2560,5,0.9,SNOO subarm b,,,,NONCONVEX,False,10000,5,fresh v3 raw results.jsonl
v3,snoo-c,512,2560,5,0.0,SNOO subarm c,,0.5946415702156397,0.604469648482844,UNBRACKETED_LOW,False,9765,5,fresh v3 raw results.jsonl
