step,eval/aime,eval/aime/response_len,rollout/response_lengths,rollout/rewards,rollout/truncated,train/entropy_loss,train/grad_norm,train/loss,train/pg_loss,train/ppo_kl,train/train_rollout_logprob_abs_diff
0,0.0,503.6333333333333,512.0,0.0,1.0,11.703853607177734,0.1154537945985794,-0.1170385479927063,0.0,0.0,0.010299066081643105
1,,,503.34375,0.0,0.96875,11.689616203308105,0.11744678765535355,-0.11689615994691849,0.0,0.0,0.010368414223194122
2,,,509.4375,0.0,0.96875,11.710787773132324,0.1156124472618103,-0.11710786819458008,0.0,0.0,0.010221500881016254
3,,,512.0,0.0,1.0,11.702238082885742,0.11755752563476562,-0.11702237278223038,0.0,0.0,0.011299804784357548
4,0.0,512.0,512.0,0.0,1.0,11.707769393920898,0.11575016379356384,-0.11707771569490433,0.0,0.0,0.012080831453204155
5,,,512.0,0.0,1.0,11.697013854980469,0.11751855909824371,-0.11697013676166534,0.0,0.0,0.013342080637812614
6,,,512.0,0.0,1.0,11.713111877441406,0.11481882631778717,-0.11713110655546188,0.0,0.0,0.016032923012971878
7,,,502.59375,0.0,0.9375,11.72813606262207,0.112486831843853,-0.11728137731552124,0.0,0.0,0.01857621595263481
8,,,512.0,0.0,1.0,11.715813636779785,0.11421767622232437,-0.11715814471244812,0.0,0.0,0.02016499452292919
9,0.0,512.0,512.0,0.0,1.0,11.723526954650879,0.11373583227396011,-0.11723524332046509,0.0,0.0,0.02183973602950573
10,,,512.0,0.0,1.0,11.733419418334961,0.11234641075134277,-0.11733419448137283,0.0,0.0,0.023903027176856995
11,,,503.21875,0.0,0.9375,11.73456859588623,0.11194825172424316,-0.1173456609249115,0.0,0.0,0.02723616547882557
12,,,512.0,0.0,1.0,11.732559204101562,0.11341381072998047,-0.11732558161020279,0.0,0.0,0.030501797795295715
13,,,512.0,0.0,1.0,11.739337921142578,0.11147698014974594,-0.1173933893442154,0.0,0.0,0.03388061746954918
14,0.0,512.0,486.0625,0.0,0.9375,11.74022102355957,0.11096877604722977,-0.11740219593048096,0.0,0.0,0.036706916987895966
15,,,500.0,0.0,0.96875,11.744444847106934,0.11020007729530334,-0.11744444072246552,0.0,0.0,0.040007684379816055
16,,,511.53125,0.0,0.96875,11.75701904296875,0.10868147015571594,-0.1175701916217804,0.0,0.0,0.04161222651600838
17,,,507.46875,0.0,0.96875,11.747611999511719,0.11039555072784424,-0.11747611314058304,0.0,0.0,0.045004818588495255
18,,,512.0,0.0,1.0,11.758816719055176,0.10885594040155411,-0.11758817732334137,0.0,0.0,0.04758763313293457
19,0.0,512.0,512.0,0.0,1.0,11.760676383972168,0.10840348154306412,-0.11760677397251129,0.0,0.0,0.05080582574009895
