path	bytes	sha256	volume	volume_path
s1-runs/s19-spot52-20261009a/args.txt	1084	9f7e6c7e85c70f504d6f945a5d7455338e94a4731b74a0162555cf13040e87c2	yeto-evidence-archive	/s1-runs/s19-spot52/spot52-stage/s19-spot52-20261009a/args.txt
s1-runs/s19-spot52-20261009a/end_utc.txt	21	230eb56bd0e6a5f16bcd1351f1f5eb9137ecb235b6b733f9cca8bb2da287578c	yeto-evidence-archive	/s1-runs/s19-spot52/spot52-stage/s19-spot52-20261009a/end_utc.txt
s1-runs/s19-spot52-20261009a/final-applist.json	2688	edd1bf9e590d0790699665542408a198e4512a0cda4c50a57041a24029a937cc	yeto-evidence-archive	/s1-runs/s19-spot52/spot52-stage/s19-spot52-20261009a/final-applist.json
s1-runs/s19-spot52-20261009a/final-down.out	2432	7c33b64a746d57003cdd06d8c164b1c14b25109c86783dae7a9f55dfb567ad6d	yeto-evidence-archive	/s1-runs/s19-spot52/spot52-stage/s19-spot52-20261009a/final-down.out
s1-runs/s19-spot52-20261009a/final-launch.log	2053	daa7ebdaf5d24955dfcdcb2dc9f8b2bd2363cbdca7d21ea945ad31ac63811a07	yeto-evidence-archive	/s1-runs/s19-spot52/spot52-stage/s19-spot52-20261009a/final-launch.log
s1-runs/s19-spot52-20261009a/final-nebius-instances.txt	3	37517e5f3dc66819f61f5a7bb8ace1921282415f10551d2defa5c3eb0985b570	yeto-evidence-archive	/s1-runs/s19-spot52/spot52-stage/s19-spot52-20261009a/final-nebius-instances.txt
s1-runs/s19-spot52-20261009a/final-pull.out	49	d50248e386973ad8b8c053f179516ae937e8c16780aecce5ff3af65b4cc8a0cf	yeto-evidence-archive	/s1-runs/s19-spot52/spot52-stage/s19-spot52-20261009a/final-pull.out
s1-runs/s19-spot52-20261009a/final-skystatus.txt	290	9be700973f5a4ec8173a610ea99669a916569ac27365d06246c01fcf9bac11ec	yeto-evidence-archive	/s1-runs/s19-spot52/spot52-stage/s19-spot52-20261009a/final-skystatus.txt
s1-runs/s19-spot52-20261009a/final-stop.out	638	0b241b2aaca7f497525e6c6e8de20ed3dc9e4641df84a0fb92b5822e537756e9	yeto-evidence-archive	/s1-runs/s19-spot52/spot52-stage/s19-spot52-20261009a/final-stop.out
s1-runs/s19-spot52-20261009a/head/head-final.tgz	6958	f13f61c94a6f01a02d7f4f19bc908bdd9aa197d2c6e6f4d247c0cba36092c2c2	yeto-evidence-archive	/s1-runs/s19-spot52/spot52-stage/s19-spot52-20261009a/head/head-final.tgz
s1-runs/s19-spot52-20261009a/head/host.txt	327	0d5372e64ac04987f0b4c6671d5a390b68b136658f321e16d33689550139f66a	yeto-evidence-archive	/s1-runs/s19-spot52/spot52-stage/s19-spot52-20261009a/head/host.txt
s1-runs/s19-spot52-20261009a/head_job.txt	11	b39ca23c6feab62b6b1108b0168b77c1da2a4314398ee1d96df5b09b832ab996	yeto-evidence-archive	/s1-runs/s19-spot52/spot52-stage/s19-spot52-20261009a/head_job.txt
s1-runs/s19-spot52-20261009a/head/queue.txt	574	11286e83a2e6a738e02220d7ac2108204a2e56b38afbd0ef20fba3deaa847a44	yeto-evidence-archive	/s1-runs/s19-spot52/spot52-stage/s19-spot52-20261009a/head/queue.txt
s1-runs/s19-spot52-20261009a/head/sky_logs/1-yeto-head/run.log	29030	2269576344ab097ac3fb2fc00264d1f99e0ffcd20d0109dd84d1985d0dabb694	yeto-evidence-archive	/s1-runs/s19-spot52/spot52-stage/s19-spot52-20261009a/head/sky_logs/1-yeto-head/run.log
s1-runs/s19-spot52-20261009a/head/sky_logs/1-yeto-head/tasks/setup.log	18915	6838ebc2b1853b50eada9a1997cb7fcfb50226faf163b9a3e7aef014e651f238	yeto-evidence-archive	/s1-runs/s19-spot52/spot52-stage/s19-spot52-20261009a/head/sky_logs/1-yeto-head/tasks/setup.log
s1-runs/s19-spot52-20261009a/head/sky_logs/2-yeto-head-job/run.log	2169	c61c429b1fa755401f552d8a092ccc066d4f094da51c914af099b2a852d79b21	yeto-evidence-archive	/s1-runs/s19-spot52/spot52-stage/s19-spot52-20261009a/head/sky_logs/2-yeto-head-job/run.log
s1-runs/s19-spot52-20261009a/head/sky_logs/2-yeto-head-job/tasks/run.log	1170	3c7f8755441a22644a72d17d1b7113f03858dc482edc62bea587c69aff7be91e	yeto-evidence-archive	/s1-runs/s19-spot52/spot52-stage/s19-spot52-20261009a/head/sky_logs/2-yeto-head-job/tasks/run.log
s1-runs/s19-spot52-20261009a/head/yeto-output/status.json	320	87a7b77b0c8fdfae4d99cd7e6a32bf6379f901a5fc1cbd5470eaac5ed4e1b05a	yeto-evidence-archive	/s1-runs/s19-spot52/spot52-stage/s19-spot52-20261009a/head/yeto-output/status.json
s1-runs/s19-spot52-20261009a/head/yeto-output/yeto-tape.jsonl	0	e3b0c44298fc1c149afbf4c8996fb92427ae41e4649b934ca495991b7852b855	yeto-evidence-archive	/s1-runs/s19-spot52/spot52-stage/s19-spot52-20261009a/head/yeto-output/yeto-tape.jsonl
s1-runs/s19-spot52-20261009a/head/yeto-syncer.log	126	579f630d6f0c0fdfb4e07ba463a090f52b559506f7305c38efbe35f9bfe60b01	yeto-evidence-archive	/s1-runs/s19-spot52/spot52-stage/s19-spot52-20261009a/head/yeto-syncer.log
s1-runs/s19-spot52-20261009a/launch.log	2053	daa7ebdaf5d24955dfcdcb2dc9f8b2bd2363cbdca7d21ea945ad31ac63811a07	yeto-evidence-archive	/s1-runs/s19-spot52/spot52-stage/s19-spot52-20261009a/launch.log
s1-runs/s19-spot52-20261009a/launch.stream.log	4679	9caf64f0cc1975434628c855a088261e72e3d25ac8e747c90a39e143781be7ca	yeto-evidence-archive	/s1-runs/s19-spot52/spot52-stage/s19-spot52-20261009a/launch.stream.log
s1-runs/s19-spot52-20261009a/launch.ts.log	5792	4f8cf3ee55e3809a51d409b59447bee41c21b40f43402e01bd749aca1a544ab7	yeto-evidence-archive	/s1-runs/s19-spot52/spot52-stage/s19-spot52-20261009a/launch.ts.log
s1-runs/s19-spot52-20261009a/rc.txt	122	f2010bf3757f2642fdbca74521d2733eb0c01b651926db7b6013838ac30f8269	yeto-evidence-archive	/s1-runs/s19-spot52/spot52-stage/s19-spot52-20261009a/rc.txt
s1-runs/s19-spot52-20261009a/reclaim.log	49	17ee51f1fb724b7264531ca7a261966c66439c48bac7710ef0b707a9d0dd6161	yeto-evidence-archive	/s1-runs/s19-spot52/spot52-stage/s19-spot52-20261009a/reclaim.log
s1-runs/s19-spot52-20261009a/resources.txt	86	13389251ceb0ab619441b06d3890b84b61f24e1d44688aae55f4d7171b86ffa1	yeto-evidence-archive	/s1-runs/s19-spot52/spot52-stage/s19-spot52-20261009a/resources.txt
s1-runs/s19-spot52-20261009a/start_utc.txt	21	e7e8058fe0b5a2af853c7911fa6ac1a4bfbfcfcfbff25a6a2452dd3f82ffee85	yeto-evidence-archive	/s1-runs/s19-spot52/spot52-stage/s19-spot52-20261009a/start_utc.txt
s1-runs/s19-spot52-20261009a/submit_rc.txt	5	93ff7811a209e2a8479230bbb9b6bc19f7f311d3af383ec350c1db2a7e7d5494	yeto-evidence-archive	/s1-runs/s19-spot52/spot52-stage/s19-spot52-20261009a/submit_rc.txt
s1-runs/s19-spot52-20261009a/tape-direct.out	553	7a0237e499521479deba793f1706dc54b9d3fd81891ce2dd82c4de78512244c8	yeto-evidence-archive	/s1-runs/s19-spot52/spot52-stage/s19-spot52-20261009a/tape-direct.out
s1-runs/s19-spot52-20261009a/teardown.sh	3128	ec6a70dcefb0fb8d069045d2aaf2b7c2faa64614380bcc7e922491776dfb5b71	yeto-evidence-archive	/s1-runs/s19-spot52/spot52-stage/s19-spot52-20261009a/teardown.sh
s1-runs/s19-spot52-20261009a/threads-ps.txt	25	94e0b7d127dd101a61378aff509f5e3c9e5b2108792b69406fcf16d5950c8432	yeto-evidence-archive	/s1-runs/s19-spot52/spot52-stage/s19-spot52-20261009a/threads-ps.txt
s1-runs/s19-spot52-20261009a/watchdog.out	111	92e23b9323a437b0abca9a26453df896c69220f293d739ba6773d1a2861f9dcc	yeto-evidence-archive	/s1-runs/s19-spot52/spot52-stage/s19-spot52-20261009a/watchdog.out
s1-runs/s19-spot52-20261009a/watchdog.pid	30	4ac5995044d40e04e3d0ea42d110b5d859ff7632f16086c5f93d540415401569	yeto-evidence-archive	/s1-runs/s19-spot52/spot52-stage/s19-spot52-20261009a/watchdog.pid
s1-runs/s19-spot52-20261009a/yeto_sha.txt	41	01efcdf942283dbd694bd92140ea50fe81f7791dd5cf5360b173fb8e00f9de77	yeto-evidence-archive	/s1-runs/s19-spot52/spot52-stage/s19-spot52-20261009a/yeto_sha.txt
s1-runs/s19-spot52-20261009b/args.txt	1066	51623837ae8ef962f071c8cbf326e77184a6cfdd937871849da48874e6bedb62	yeto-evidence-archive	/s1-runs/s19-spot52/spot52-stage/s19-spot52-20261009b/args.txt
s1-runs/s19-spot52-20261009b/end_utc.txt	21	368c8f04ad36812f87d5ccbed74517ec1c017fbd30be57e8871386a97b550ed4	yeto-evidence-archive	/s1-runs/s19-spot52/spot52-stage/s19-spot52-20261009b/end_utc.txt
s1-runs/s19-spot52-20261009b/final-applist.json	5269	9ec09918e545530cc82f2eced669a2d76ccb3b3b9c503905e978667650962250	yeto-evidence-archive	/s1-runs/s19-spot52/spot52-stage/s19-spot52-20261009b/final-applist.json
s1-runs/s19-spot52-20261009b/final-down.out	2477	2b665f608130691583bb95d82947081d1126127eb0ef77112b06a2e3c1216824	yeto-evidence-archive	/s1-runs/s19-spot52/spot52-stage/s19-spot52-20261009b/final-down.out
s1-runs/s19-spot52-20261009b/final-launch.log	4604506	247176e1a78a1d5d8d3831dbfbca87b46a5074df1dc30d2d43b40503de297db3	yeto-evidence-archive	/s1-runs/s19-spot52/spot52-stage/s19-spot52-20261009b/final-launch.log
s1-runs/s19-spot52-20261009b/final-nebius-instances.txt	62	4590971ade4cdabd486cffc020a35c31a8b845dc0ac9be051b18316570563ebc	yeto-evidence-archive	/s1-runs/s19-spot52/spot52-stage/s19-spot52-20261009b/final-nebius-instances.txt
s1-runs/s19-spot52-20261009b/final-pull.out	51	a7e375da7b35519843b0bb2d53b19505bcc7717bfff2502429fb151fb0fda63f	yeto-evidence-archive	/s1-runs/s19-spot52/spot52-stage/s19-spot52-20261009b/final-pull.out
s1-runs/s19-spot52-20261009b/final-skystatus.txt	148	7bdce515e82e6d720e712ef988f6fd2b32a29e237bc8c3075fbbf2c342d14a69	yeto-evidence-archive	/s1-runs/s19-spot52/spot52-stage/s19-spot52-20261009b/final-skystatus.txt
s1-runs/s19-spot52-20261009b/final-stop.out	81	8e5b1ae51bb9289fd9fd8868ec85ac082d705fc5ffbcdf8d24ba56ac33e2684f	yeto-evidence-archive	/s1-runs/s19-spot52/spot52-stage/s19-spot52-20261009b/final-stop.out
s1-runs/s19-spot52-20261009b/head/head-final.tgz	71213526	f1e888952f991ae7fb3f5c918befe8a58e5e06dd1873d8a7576e7d2468188735	yeto-evidence-archive	/s1-runs/s19-spot52/spot52-stage/s19-spot52-20261009b/head/head-final.tgz
s1-runs/s19-spot52-20261009b/head/host.txt	327	5c9242bda4a0293c49afc5b26b9275540aecb6bff6757e7eb8c89d2e7619da4b	yeto-evidence-archive	/s1-runs/s19-spot52/spot52-stage/s19-spot52-20261009b/head/host.txt
s1-runs/s19-spot52-20261009b/head_job.txt	11	b39ca23c6feab62b6b1108b0168b77c1da2a4314398ee1d96df5b09b832ab996	yeto-evidence-archive	/s1-runs/s19-spot52/spot52-stage/s19-spot52-20261009b/head_job.txt
s1-runs/s19-spot52-20261009b/head/queue.txt	577	412a350ad2b9b5de645d33da76434ecab89512ce5e55404b7bf09dc3b4d1e040	yeto-evidence-archive	/s1-runs/s19-spot52/spot52-stage/s19-spot52-20261009b/head/queue.txt
s1-runs/s19-spot52-20261009b/head/sky_logs/1-yeto-head/run.log	29031	984e542549c03a37188755b1b3dcf2dba8ff5bbba31ef19fcc4037782699b59b	yeto-evidence-archive	/s1-runs/s19-spot52/spot52-stage/s19-spot52-20261009b/head/sky_logs/1-yeto-head/run.log
s1-runs/s19-spot52-20261009b/head/sky_logs/1-yeto-head/tasks/setup.log	18915	6838ebc2b1853b50eada9a1997cb7fcfb50226faf163b9a3e7aef014e651f238	yeto-evidence-archive	/s1-runs/s19-spot52/spot52-stage/s19-spot52-20261009b/head/sky_logs/1-yeto-head/tasks/setup.log
s1-runs/s19-spot52-20261009b/head/sky_logs/2-yeto-head-job/run.log	4604614	4753e02d964b4b1daae7a5b9677b6312e6f9c7a312eafcb530f6e1636d4035e3	yeto-evidence-archive	/s1-runs/s19-spot52/spot52-stage/s19-spot52-20261009b/head/sky_logs/2-yeto-head-job/run.log
s1-runs/s19-spot52-20261009b/head/sky_logs/2-yeto-head-job/tasks/run.log	3939825	31de9007e8428b29cf0e4c457bde1bb99df9ef9dba0a4ba71a823d5e1b504a48	yeto-evidence-archive	/s1-runs/s19-spot52/spot52-stage/s19-spot52-20261009b/head/sky_logs/2-yeto-head-job/tasks/run.log
s1-runs/s19-spot52-20261009b/head/sky_logs/sky-2026-10-09-23-08-10-450980/provision.log	94670	241018844dc23a95165a824f251d6af54bcff8cd92d04d27a3fdd60068fb7859	yeto-evidence-archive	/s1-runs/s19-spot52/spot52-stage/s19-spot52-20261009b/head/sky_logs/sky-2026-10-09-23-08-10-450980/provision.log
s1-runs/s19-spot52-20261009b/head/sky_logs/sky-2026-10-09-23-08-10-450980/workdir_sync.log	406836	1da2a1d4cec6b692f5d53d3f76c98d8f059bbad38c82c3c0ae544ec382c089c8	yeto-evidence-archive	/s1-runs/s19-spot52/spot52-stage/s19-spot52-20261009b/head/sky_logs/sky-2026-10-09-23-08-10-450980/workdir_sync.log
s1-runs/s19-spot52-20261009b/head/yeto-output/status.json	374	0311da4575c00b858bffe51659198ac6932d357626fefb134850df84cf67aa88	yeto-evidence-archive	/s1-runs/s19-spot52/spot52-stage/s19-spot52-20261009b/head/yeto-output/status.json
s1-runs/s19-spot52-20261009b/head/yeto-output/yeto-state.ckpt	80740608	5d4631fa58c6ea64a21b66687340439a1b979d43ff68331390783a47260ced55	yeto-evidence-archive	/s1-runs/s19-spot52/spot52-stage/s19-spot52-20261009b/head/yeto-output/yeto-state.ckpt
s1-runs/s19-spot52-20261009b/head/yeto-output/yeto-tape.jsonl	31127	14d1a1d354f0f4a306214d446151a3e11441d459be7a9d64294ad30bb7dfbcea	yeto-evidence-archive	/s1-runs/s19-spot52/spot52-stage/s19-spot52-20261009b/head/yeto-output/yeto-tape.jsonl
s1-runs/s19-spot52-20261009b/head/yeto-syncer.log	32865	d70004ff6ea7a032173145a220fd41792bb5a6248098688e754d0024e08da803	yeto-evidence-archive	/s1-runs/s19-spot52/spot52-stage/s19-spot52-20261009b/head/yeto-syncer.log
s1-runs/s19-spot52-20261009b/l1-new-container.log	16314	e2411083fa5a0d3faecd818e383e7cc05e6070a7f8a9e0a730f823a6cf04a502	yeto-evidence-archive	/s1-runs/s19-spot52/spot52-stage/s19-spot52-20261009b/l1-new-container.log
s1-runs/s19-spot52-20261009b/launch.log	4604506	247176e1a78a1d5d8d3831dbfbca87b46a5074df1dc30d2d43b40503de297db3	yeto-evidence-archive	/s1-runs/s19-spot52/spot52-stage/s19-spot52-20261009b/launch.log
s1-runs/s19-spot52-20261009b/launch.stream.log	4607466	39252ed025130f2761716efd4e747db799a2f6ae4d5e5cbe6568baef58aef9c0	yeto-evidence-archive	/s1-runs/s19-spot52/spot52-stage/s19-spot52-20261009b/launch.stream.log
s1-runs/s19-spot52-20261009b/launch.ts.log	5010015	6188a49f183e453d2b89a5995ae5f358cac98c4d9ea0bdbfa0ca025fea588ac0	yeto-evidence-archive	/s1-runs/s19-spot52/spot52-stage/s19-spot52-20261009b/launch.ts.log
s1-runs/s19-spot52-20261009b/modal-app-logs.txt	31583	dc3fe74ac99981271f0f9336b36145035df2cd83192d3b02d294ecf3e98ae72a	yeto-evidence-archive	/s1-runs/s19-spot52/spot52-stage/s19-spot52-20261009b/modal-app-logs.txt
s1-runs/s19-spot52-20261009b/rc.txt	5	93ff7811a209e2a8479230bbb9b6bc19f7f311d3af383ec350c1db2a7e7d5494	yeto-evidence-archive	/s1-runs/s19-spot52/spot52-stage/s19-spot52-20261009b/rc.txt
s1-runs/s19-spot52-20261009b/reclaim.log	143	059ad915eabf55fa814f563123bc8c8aebde55742815ecd91ba9bf5896755f5e	yeto-evidence-archive	/s1-runs/s19-spot52/spot52-stage/s19-spot52-20261009b/reclaim.log
s1-runs/s19-spot52-20261009b/resources.txt	86	c312d9b6ef7b278c79de4500e69042627e8e0e58e8a9cca001160248f3921a53	yeto-evidence-archive	/s1-runs/s19-spot52/spot52-stage/s19-spot52-20261009b/resources.txt
s1-runs/s19-spot52-20261009b/start_utc.txt	21	983c7457a3b00164a3a0ca187d3f026188c2a171e2fd3fb3163febf1fb05aeef	yeto-evidence-archive	/s1-runs/s19-spot52/spot52-stage/s19-spot52-20261009b/start_utc.txt
s1-runs/s19-spot52-20261009b/submit_rc.txt	5	93ff7811a209e2a8479230bbb9b6bc19f7f311d3af383ec350c1db2a7e7d5494	yeto-evidence-archive	/s1-runs/s19-spot52/spot52-stage/s19-spot52-20261009b/submit_rc.txt
s1-runs/s19-spot52-20261009b/tape-direct.out	41	ceb637ca7e7a00abda5aa5ab4f7bab082fe47c85d4f3de626a9170c101ff1a39	yeto-evidence-archive	/s1-runs/s19-spot52/spot52-stage/s19-spot52-20261009b/tape-direct.out
s1-runs/s19-spot52-20261009b/tape-direct/yeto-s19-spot52-20261009b/l1/rank0/INCARNATION-0.txt	30	2b4e1ce228fef1414290b1489147dc269c02765b9b7e6be73b74b590d9a9625f	yeto-evidence-archive	/s1-runs/s19-spot52/spot52-stage/s19-spot52-20261009b/tape-direct/yeto-s19-spot52-20261009b/l1/rank0/INCARNATION-0.txt
s1-runs/s19-spot52-20261009b/tape-direct/yeto-s19-spot52-20261009b/l1/rank0/INCARNATION-1.txt	30	0d2ce3d97e23f45e1a9eaed9534c751f489a0e547cf1fcf2935c3ec529728840	yeto-evidence-archive	/s1-runs/s19-spot52/spot52-stage/s19-spot52-20261009b/tape-direct/yeto-s19-spot52-20261009b/l1/rank0/INCARNATION-1.txt
s1-runs/s19-spot52-20261009b/tape-direct/yeto-s19-spot52-20261009b/l1/rank0/modal-node.inc1.json	158	cfefff4822c61f82d96e7acb0f3c426491fb3d3948ae1fb55f6d33d3095a3ae9	yeto-evidence-archive	/s1-runs/s19-spot52/spot52-stage/s19-spot52-20261009b/tape-direct/yeto-s19-spot52-20261009b/l1/rank0/modal-node.inc1.json
s1-runs/s19-spot52-20261009b/tape-direct/yeto-s19-spot52-20261009b/l1/rank0/modal-node.json	159	9d8536016df11955e96be905b6ed15774660a410b55f974ce2928f3d29311ffd	yeto-evidence-archive	/s1-runs/s19-spot52/spot52-stage/s19-spot52-20261009b/tape-direct/yeto-s19-spot52-20261009b/l1/rank0/modal-node.json
s1-runs/s19-spot52-20261009b/tape-direct/yeto-s19-spot52-20261009b/l1/rank0/rl-island-1.inc1.jsonl	415535	e3851384a8ede9a5395cc9e902de841cfc2200fe0e27f63ad68b1decbe3a7b41	yeto-evidence-archive	/s1-runs/s19-spot52/spot52-stage/s19-spot52-20261009b/tape-direct/yeto-s19-spot52-20261009b/l1/rank0/rl-island-1.inc1.jsonl
s1-runs/s19-spot52-20261009b/tape-direct/yeto-s19-spot52-20261009b/l1/rank0/rl-island-1.jsonl	194527	c4c76c9b6120776500551a1e28c854f4c95372c7b8b4a7194bea53b114c821f6	yeto-evidence-archive	/s1-runs/s19-spot52/spot52-stage/s19-spot52-20261009b/tape-direct/yeto-s19-spot52-20261009b/l1/rank0/rl-island-1.jsonl
s1-runs/s19-spot52-20261009b/teardown.sh	4167	cf4254e0e13ad5cb11a767c754b238e3043ec742080893aa9682fe489b2286ed	yeto-evidence-archive	/s1-runs/s19-spot52/spot52-stage/s19-spot52-20261009b/teardown.sh
s1-runs/s19-spot52-20261009b/threads-ps.txt	25	b929f4adfdd0ef026bac591f6fa729feeb0948759c412c25dfab58cb73cf309b	yeto-evidence-archive	/s1-runs/s19-spot52/spot52-stage/s19-spot52-20261009b/threads-ps.txt
s1-runs/s19-spot52-20261009b/watchdog.out	111	c1ec93bca56b96f0d49dc61efc42cb67728fd4909faf838dd274e460c7e4ce05	yeto-evidence-archive	/s1-runs/s19-spot52/spot52-stage/s19-spot52-20261009b/watchdog.out
s1-runs/s19-spot52-20261009b/watchdog.pid	30	6216a809b917ec816a0c24ad3d785ebdbfef2c6a9bf5411a3d42215cb55168b5	yeto-evidence-archive	/s1-runs/s19-spot52/spot52-stage/s19-spot52-20261009b/watchdog.pid
s1-runs/s19-spot52-20261009b/yeto_sha.txt	41	01efcdf942283dbd694bd92140ea50fe81f7791dd5cf5360b173fb8e00f9de77	yeto-evidence-archive	/s1-runs/s19-spot52/spot52-stage/s19-spot52-20261009b/yeto_sha.txt
s1-runs/s19-spot52.sh	12438	197a44132f281595abd180b619619a34aad07298220b72e83e6eae731910e974	yeto-evidence-archive	/s1-runs/s19-spot52/spot52-stage/s19-spot52.sh
