stratum,convention,mu,campaign,control_campaign,pair_type,scale,T,H,S,eta_ratio,r,r_ci_lo,r_ci_hi,se_log_r,M_code,r_over_M,log2_r,log2_r_over_M,noise_eligible,momentum_point_id,control_point_id
heavy_ball:mu0.9,heavy_ball,0.9,G12,G12,within_campaign,135M,2,1280,2560,0.6282910341146659,6.2829103411466605,5.625743097783259,6.83968385493296,0.0353989501305544,1.9,3.3067949163929793,2.6514329925770923,1.725433574020869,True,G12:135M:T2:mu0.9:heavy_ball:H1280:S2560,G12:135M:T2:mu0:mu0:H1280:S2560
heavy_ball:mu0.9,heavy_ball,0.9,G12,G12,within_campaign,135M,5,512,2560,0.29665592949356145,2.966559294935615,2.777755366626755,3.128388877286318,0.02148150023918711,4.0951,0.7244168139814937,1.5687906193577001,-0.46510806272655336,True,G12:135M:T5:mu0.9:heavy_ball:H512:S2560,G12:135M:T5:mu0:mu0:H512:S2560
heavy_ball:mu0.9,heavy_ball,0.9,G12,G12,within_campaign,135M,20,128,2560,0.11541839379981875,1.1541839379981877,1.1340267120674856,1.16701551796336,0.005688694730584787,8.78423345409431,0.13139267575592786,0.206873159244628,-2.9280432373786036,True,G12:135M:T20:mu0.9:heavy_ball:H128:S2560,G12:135M:T20:mu0:mu0:H128:S2560
nesterov_corrected:mu0.8,nesterov_corrected,0.8,G8,G8,within_campaign,135M,2,512,1024,0.18885841566779732,0.9442920783389868,0.9215059532823537,0.9601794285754259,0.007442992831376501,1.0,0.9442920783389868,-0.08269492725351764,-0.08269492725351764,True,G8:135M:T2:mu0.8:corrected:H512:S1024,G8:135M:T2:mu0:mu0:H512:S1024
nesterov_corrected:mu0.8,nesterov_corrected,0.8,G8,G8,within_campaign,135M,5,512,2560,0.1725407447139173,0.8627037235695867,0.8391794027989646,0.9018938159099409,0.014811231815834285,1.0,0.8627037235695867,-0.2130629119898305,-0.2130629119898305,True,G8:135M:T5:mu0.8:corrected:H512:S2560,G8:135M:T5:mu0:mu0:H512:S2560
nesterov_corrected:mu0.8,nesterov_corrected,0.8,G8,G8,within_campaign,135M,20,512,10240,0.11946151112029356,0.597307555601468,0.5895372025614961,0.6028834603034547,0.004462562835977767,1.0,0.597307555601468,-0.7434541237191645,-0.7434541237191645,True,G8:135M:T20:mu0.8:corrected:H512:S10240,G8:135M:T20:mu0:mu0:H512:S10240
nesterov_corrected:mu0.9,nesterov_corrected,0.9,TP-v3,TP-v3;TP-v3,within_campaign,135M,2,512,1024,0.09552656777062775,0.9552656777062777,0.9160446371620199,0.9918881577989282,0.01535018644424748,1.0,0.9552656777062777,-0.06602606477147446,-0.06602606477147446,True,TP-v3:135M:T2:mu0.9:corrected:H512:S1024,TP-v3:135M:T2:mu0:corrected:H512:S1024;TP-v3:135M:T2:mu0:raw:H512:S1024
nesterov_corrected:mu0.9,nesterov_corrected,0.9,G6,G6,within_campaign,135M,2,1280,2560,0.09332157826001757,0.9332157826001759,0.9202959688178933,0.9438422958622434,0.004792187935240886,1.0,0.9332157826001759,-0.099717388415587,-0.099717388415587,True,G6:135M:T2:mu0.9:corrected:H1280:S2560,G6:135M:T2:mu0:mu0:H1280:S2560
nesterov_corrected:mu0.9,nesterov_corrected,0.9,G6,G6,within_campaign,135M,2,2560,5120,0.09221744167165562,0.9221744167165564,0.8799838308599679,0.9676428182846696,0.01752507988717548,1.0,0.9221744167165564,-0.11688845233001639,-0.11688845233001639,True,G6:135M:T2:mu0.9:corrected:H2560:S5120,G6:135M:T2:mu0:mu0:H2560:S5120
nesterov_corrected:mu0.9,nesterov_corrected,0.9,G6,G6,within_campaign,135M,2,5120,10240,0.0955663102301688,0.9556631023016883,0.9325626735426666,0.9901591640552467,0.010855063021603757,1.0,0.9556631023016883,-0.06542597699511014,-0.06542597699511014,True,G6:135M:T2:mu0.9:corrected:H5120:S10240,G6:135M:T2:mu0:mu0:H5120:S10240
nesterov_corrected:mu0.9,nesterov_corrected,0.9,G6,G6,within_campaign,135M,5,512,2560,0.08305647423614779,0.830564742361478,0.7979296857783401,0.8530186689834977,0.012081301254958416,1.0,0.830564742361478,-0.26783546451626306,-0.26783546451626306,True,G6:135M:T5:mu0.9:corrected:H512:S2560,G6:135M:T5:mu0:mu0:H512:S2560
nesterov_corrected:mu0.9,nesterov_corrected,0.9,TP-v3,TP-v3;TP-v3,within_campaign,135M,5,512,2560,0.08615170030530389,0.8615170030530391,0.8387969851519386,0.8852985338512593,0.009990563837916081,1.0,0.8615170030530391,-0.21504882486983587,-0.21504882486983587,True,TP-v3:135M:T5:mu0.9:corrected:H512:S2560,TP-v3:135M:T5:mu0:corrected:H512:S2560;TP-v3:135M:T5:mu0:raw:H512:S2560
nesterov_corrected:mu0.9,nesterov_corrected,0.9,DISAMBIG,DISAMBIG,within_campaign,135M,5,1024,5120,0.08098652950599176,0.8098652950599178,0.7701608244186278,0.851133038985265,0.018569493934880495,1.0,0.8098652950599178,-0.30424613048304006,-0.30424613048304006,True,DISAMBIG:135M:T5:mu0.9:corrected:H1024:S5120,DISAMBIG:135M:T5:mu0:mu0:H1024:S5120
nesterov_corrected:mu0.9,nesterov_corrected,0.9,G6,G6,within_campaign,135M,5,1024,5120,0.07932253140132292,0.7932253140132294,0.7793918403801507,0.816958605202597,0.008658411163848702,1.0,0.7932253140132294,-0.3341973761977935,-0.3341973761977935,True,G6:135M:T5:mu0.9:corrected:H1024:S5120,G6:135M:T5:mu0:mu0:H1024:S5120
nesterov_corrected:mu0.9,nesterov_corrected,0.9,DISAMBIG,DISAMBIG,within_campaign,135M,5,2048,10240,0.07474202472383973,0.7474202472383974,0.7372587303787914,0.7568454597244123,0.004886518081792967,1.0,0.7474202472383974,-0.42000844875664445,-0.42000844875664445,True,DISAMBIG:135M:T5:mu0.9:corrected:H2048:S10240,DISAMBIG:135M:T5:mu0:mu0:H2048:S10240
nesterov_corrected:mu0.9,nesterov_corrected,0.9,G6,G6,within_campaign,135M,5,2048,10240,0.07278760782643287,0.7278760782643289,0.7094901099947049,0.7469646989806643,0.009396025934383673,1.0,0.7278760782643289,-0.4582352440396349,-0.4582352440396349,True,G6:135M:T5:mu0.9:corrected:H2048:S10240,G6:135M:T5:mu0:mu0:H2048:S10240
nesterov_corrected:mu0.9,nesterov_corrected,0.9,G6,G6,within_campaign,135M,10,256,2560,0.0760531397128781,0.7605313971287812,0.7045900340630661,0.7966671982578438,0.027095981208739774,1.0,0.7605313971287812,-0.3949202867180148,-0.3949202867180148,True,G6:135M:T10:mu0.9:corrected:H256:S2560,G6:135M:T10:mu0:mu0:H256:S2560
nesterov_corrected:mu0.9,nesterov_corrected,0.9,G6,G6,within_campaign,135M,10,512,5120,0.07039414678750848,0.7039414678750849,0.6868164993184485,0.7219599888240495,0.009306032501399119,1.0,0.7039414678750849,-0.5064726198841271,-0.5064726198841271,True,G6:135M:T10:mu0.9:corrected:H512:S5120,G6:135M:T10:mu0:mu0:H512:S5120
nesterov_corrected:mu0.9,nesterov_corrected,0.9,TP-v3,TP-v3;TP-v3,within_campaign,135M,10,512,5120,0.07480014393108916,0.7480014393108918,0.7264348625402224,0.7689918729361597,0.010528476838747814,1.0,0.7480014393108918,-0.4188870487254021,-0.4188870487254021,True,TP-v3:135M:T10:mu0.9:corrected:H512:S5120,TP-v3:135M:T10:mu0:corrected:H512:S5120;TP-v3:135M:T10:mu0:raw:H512:S5120
nesterov_corrected:mu0.9,nesterov_corrected,0.9,G6,G6,within_campaign,135M,10,1024,10240,0.06286444104220637,0.6286444104220639,0.6122951265058445,0.6428816751008226,0.008817024850540497,1.0,0.6286444104220639,-0.6696839003318419,-0.6696839003318419,True,G6:135M:T10:mu0.9:corrected:H1024:S10240,G6:135M:T10:mu0:mu0:H1024:S10240
nesterov_corrected:mu0.9,nesterov_corrected,0.9,G6,G6,within_campaign,135M,20,128,2560,0.07297100979961979,0.729710097996198,0.6861290566624263,0.7610181203771282,0.019914180095093294,1.0,0.729710097996198,-0.45460467644574104,-0.45460467644574104,True,G6:135M:T20:mu0.9:corrected:H128:S2560,G6:135M:T20:mu0:mu0:H128:S2560
nesterov_corrected:mu0.9,nesterov_corrected,0.9,G6,G6,within_campaign,135M,20,256,5120,0.06445537718302326,0.6445537718302328,0.6103603103998253,0.664131666886128,0.01567071456477293,1.0,0.6445537718302328,-0.6336273745986101,-0.6336273745986101,True,G6:135M:T20:mu0.9:corrected:H256:S5120,G6:135M:T20:mu0:mu0:H256:S5120
nesterov_corrected:mu0.9,nesterov_corrected,0.9,G6,G6,within_campaign,135M,20,512,10240,0.054404070250955956,0.5440407025095597,0.5301752223087361,0.5585436997600021,0.009505478250602085,1.0,0.5440407025095597,-0.878213503867601,-0.878213503867601,True,G6:135M:T20:mu0.9:corrected:H512:S10240,G6:135M:T20:mu0:mu0:H512:S10240
nesterov_corrected:mu0.9,nesterov_corrected,0.9,TP-v3,TP-v3;TP-v3,within_campaign,135M,20,512,10240,0.05306260061050815,0.5306260061050816,0.5156184764863517,0.5584826793969829,0.015588360708442666,1.0,0.5306260061050816,-0.9142327107655057,-0.9142327107655057,False,TP-v3:135M:T20:mu0.9:corrected:H512:S10240,TP-v3:135M:T20:mu0:corrected:H512:S10240;TP-v3:135M:T20:mu0:raw:H512:S10240
nesterov_corrected:mu0.95,nesterov_corrected,0.95,G8,G8,within_campaign,135M,2,512,1024,0.04768080769917081,0.9536161539834154,0.9258752396548112,0.9808644162418585,0.010671007915968228,1.0,0.9536161539834154,-0.06851942004117777,-0.06851942004117777,True,G8:135M:T2:mu0.95:corrected:H512:S1024,G8:135M:T2:mu0:mu0:H512:S1024
nesterov_corrected:mu0.95,nesterov_corrected,0.95,G8,G8,within_campaign,135M,5,512,2560,0.041003024611748574,0.8200604922349708,0.7943437186947104,0.874330332619188,0.01753017040828117,1.0,0.8200604922349708,-0.286197759999938,-0.286197759999938,True,G8:135M:T5:mu0.95:corrected:H512:S2560,G8:135M:T5:mu0:mu0:H512:S2560
nesterov_corrected:mu0.95,nesterov_corrected,0.95,G8,G8,within_campaign,135M,20,512,10240,0.020570182177714384,0.4114036435542873,0.4082971222573911,0.41475629060911684,0.0029148249990268477,1.0,0.4114036435542873,-1.281373523886877,-1.281373523886877,True,G8:135M:T20:mu0.95:corrected:H512:S10240,G8:135M:T20:mu0:mu0:H512:S10240
nesterov_raw:mu0.5,nesterov_raw,0.5,TP-pilot,G12;G5B;G5B;G6;G8;TP-v1;TP-v2;TP-v3;TP-v3,cross_campaign,135M,5,512,2560,0.5658723440952337,1.1317446881904674,1.0840848538211236,1.188281908002171,0.007370055687965633,1.96875,0.574854444795158,0.1785485353560156,-0.7987313881439009,True,TP-pilot:135M:T5:mu0.5:raw:H512:S2560,G12:135M:T5:mu0:mu0:H512:S2560;G5B:135M:T5:mu0:snoo-a:H512:S2560;G5B:135M:T5:mu0:snoo-c:H512:S2560;G6:135M:T5:mu0:mu0:H512:S2560;G8:135M:T5:mu0:mu0:H512:S2560;TP-v1:135M:T5:mu0:raw:H512:S2560;TP-v2:135M:T5:mu0:raw:H512:S2560;TP-v3:135M:T5:mu0:corrected:H512:S2560;TP-v3:135M:T5:mu0:raw:H512:S2560
nesterov_raw:mu0.5,nesterov_raw,0.5,TP-v1,TP-v1,within_campaign,135M,10,256,2560,0.5419946762347093,1.0839893524694186,0.9153521503394921,1.1367252188271548,0.04670658494777306,1.9990234375,0.5422594513574425,0.11635058582922923,-0.8829448011941813,False,TP-v1:135M:T10:mu0.5:raw:H256:S2560,TP-v1:135M:T10:mu0:raw:H256:S2560
nesterov_raw:mu0.5,nesterov_raw,0.5,TP-v1,TP-v1,within_campaign,135M,160,16,2560,0.5017830676477086,1.0035661352954173,0.9683635585924643,1.0429799849943835,0.013829543755360484,2.0,0.5017830676477086,0.005135693849292481,-0.9948643061507075,True,TP-v1:135M:T160:mu0.5:raw:H16:S2560,TP-v1:135M:T160:mu0:raw:H16:S2560
nesterov_raw:mu0.8,nesterov_raw,0.8,G8,G8,within_campaign,135M,2,512,1024,0.4602540407599953,2.301270203799977,2.2252813044949624,2.3700879502864303,0.011847581842407567,2.44,0.9431435261475316,1.202430387645397,-0.08445076014276454,True,G8:135M:T2:mu0.8:raw:H512:S1024,G8:135M:T2:mu0:mu0:H512:S1024
nesterov_raw:mu0.8,nesterov_raw,0.8,G8,G8,within_campaign,135M,5,512,2560,0.3037339767152082,1.5186698835760413,1.4801816605935512,1.5885756721534439,0.014714578628040825,3.68928,0.4116439748612307,0.6028083023044251,-1.2805309850427222,True,G8:135M:T5:mu0.8:raw:H512:S2560,G8:135M:T5:mu0:mu0:H512:S2560
nesterov_raw:mu0.8,nesterov_raw,0.8,TP-pilot,G12;G5B;G5B;G6;G8;TP-v1;TP-v2;TP-v3;TP-v3,cross_campaign,135M,5,512,2560,0.3384936538114453,1.6924682690572268,1.6134562766127976,1.7939010844729946,0.010237943521306086,3.68928,0.4587530003299361,0.7591287859403548,-1.1242105014067925,True,TP-pilot:135M:T5:mu0.8:raw:H512:S2560,G12:135M:T5:mu0:mu0:H512:S2560;G5B:135M:T5:mu0:snoo-a:H512:S2560;G5B:135M:T5:mu0:snoo-c:H512:S2560;G6:135M:T5:mu0:mu0:H512:S2560;G8:135M:T5:mu0:mu0:H512:S2560;TP-v1:135M:T5:mu0:raw:H512:S2560;TP-v2:135M:T5:mu0:raw:H512:S2560;TP-v3:135M:T5:mu0:corrected:H512:S2560;TP-v3:135M:T5:mu0:raw:H512:S2560
nesterov_raw:mu0.8,nesterov_raw,0.8,G8,G8,within_campaign,135M,20,512,10240,0.16227526586838664,0.8113763293419334,0.8063264238430262,0.8185028925564586,0.0027620842893601033,4.953883139815727,0.16378592438337466,-0.3015568801409737,-2.6101167165094967,True,G8:135M:T20:mu0.8:raw:H512:S10240,G8:135M:T20:mu0:mu0:H512:S10240
nesterov_raw:mu0.9,nesterov_raw,0.9,TP-pilot,G8;TP-v3;TP-v3,cross_campaign,135M,2,512,1024,0.485006733265269,4.850067332652691,4.3781770535055955,5.5526734585857485,0.04696949608567034,2.7099999999999995,1.78969274267627,2.2780047761265347,0.8397119245473882,True,TP-pilot:135M:T2:mu0.9:raw:H512:S1024,G8:135M:T2:mu0:mu0:H512:S1024;TP-v3:135M:T2:mu0:corrected:H512:S1024;TP-v3:135M:T2:mu0:raw:H512:S1024
nesterov_raw:mu0.9,nesterov_raw,0.9,TP-v3,TP-v3;TP-v3,within_campaign,135M,2,512,1024,0.4167462537063047,4.167462537063048,3.972778130493719,4.374712520808797,0.017552115707259303,2.7099999999999995,1.5378090542668075,2.0591692303247613,0.6208763787456144,True,TP-v3:135M:T2:mu0.9:raw:H512:S1024,TP-v3:135M:T2:mu0:corrected:H512:S1024;TP-v3:135M:T2:mu0:raw:H512:S1024
nesterov_raw:mu0.9,nesterov_raw,0.9,G6,G6,within_campaign,135M,2,1280,2560,0.4152259197387996,4.1522591973879965,4.03786317263841,4.238002369702313,0.009130886681670078,2.7099999999999995,1.5321989658258293,2.053896504176207,0.6156036525970602,True,G6:135M:T2:mu0.9:raw:H1280:S2560,G6:135M:T2:mu0:mu0:H1280:S2560
nesterov_raw:mu0.9,nesterov_raw,0.9,G6,G6,within_campaign,135M,2,2560,5120,0.4058529941342817,4.058529941342818,3.898076521974155,4.240332033828868,0.015282122086007264,2.7099999999999995,1.497612524480745,2.020957256871318,0.5826644052921717,True,G6:135M:T2:mu0.9:raw:H2560:S5120,G6:135M:T2:mu0:mu0:H2560:S5120
nesterov_raw:mu0.9,nesterov_raw,0.9,G6,G6,within_campaign,135M,2,5120,10240,0.4038493198776035,4.0384931987760355,3.941011835778208,4.235236322366855,0.013367116386296438,2.7099999999999995,1.4902188925372828,2.0138171097725692,0.5755242581934226,True,G6:135M:T2:mu0.9:raw:H5120:S10240,G6:135M:T2:mu0:mu0:H5120:S10240
nesterov_raw:mu0.9,nesterov_raw,0.9,G4C,G4C,within_campaign,1.7B,5,512,2560,0.1741615794978853,1.7416157949788533,1.5832698383676032,1.9450896582076456,0.039843900610865235,4.68559,0.3716961567228147,0.8004263967191038,-1.4278043238402378,True,G4C:1.7B:T5:mu0.9:raw:H512:S2560,G4C:1.7B:T5:mu0:mu0:H512:S2560
nesterov_raw:mu0.9,nesterov_raw,0.9,G6,G6,within_campaign,135M,5,512,2560,0.25544821780941435,2.554482178094144,2.4631796528539014,2.617684554020975,0.010974773864730404,4.68559,0.5451783399943537,1.3530308704939675,-0.8751998500653742,True,G6:135M:T5:mu0.9:raw:H512:S2560,G6:135M:T5:mu0:mu0:H512:S2560
nesterov_raw:mu0.9,nesterov_raw,0.9,TP-v1,TP-v1,within_campaign,135M,5,512,2560,0.2511595896576313,2.5115958965763134,2.38286303916072,2.6099658419090734,0.016850417054357306,4.68559,0.5360255371418142,1.3286043603666422,-0.8996263601926995,True,TP-v1:135M:T5:mu0.9:raw:H512:S2560,TP-v1:135M:T5:mu0:raw:H512:S2560
nesterov_raw:mu0.9,nesterov_raw,0.9,TP-v2,TP-v2,within_campaign,135M,5,512,2560,0.24413384573315353,2.4413384573315358,2.2763997008914854,2.619844178770277,0.028150309402435122,4.68559,0.5210311737329847,1.2876723184147922,-0.9405584021445493,True,TP-v2:135M:T5:mu0.9:raw:H512:S2560,TP-v2:135M:T5:mu0:raw:H512:S2560
nesterov_raw:mu0.9,nesterov_raw,0.9,TP-v3,TP-v3;TP-v3,within_campaign,135M,5,512,2560,0.25668217218777617,2.5668217218777625,2.488527059616377,2.6632794104276596,0.013136362723510674,4.68559,0.5478118490686898,1.359983097278907,-0.8682476232804344,True,TP-v3:135M:T5:mu0.9:raw:H512:S2560,TP-v3:135M:T5:mu0:corrected:H512:S2560;TP-v3:135M:T5:mu0:raw:H512:S2560
nesterov_raw:mu0.9,nesterov_raw,0.9,DISAMBIG,DISAMBIG,within_campaign,135M,5,1024,5120,0.2553198200329384,2.5531982003293847,2.392069745083378,2.701312501595095,0.02193777759634456,4.68559,0.5449043130810388,1.352305535995484,-0.8759251845638576,True,DISAMBIG:135M:T5:mu0.9:raw:H1024:S5120,DISAMBIG:135M:T5:mu0:mu0:H1024:S5120
nesterov_raw:mu0.9,nesterov_raw,0.9,G6,G6,within_campaign,135M,5,1024,5120,0.24455321321136247,2.4455321321136254,2.3771066813596473,2.524449025011808,0.010868689488186386,4.68559,0.5219261890420683,1.2901484205278537,-0.9380823000314881,True,G6:135M:T5:mu0.9:raw:H1024:S5120,G6:135M:T5:mu0:mu0:H1024:S5120
nesterov_raw:mu0.9,nesterov_raw,0.9,DISAMBIG,DISAMBIG,within_campaign,135M,5,2048,10240,0.2374784778781606,2.3747847787816063,2.343107352465456,2.421221070969574,0.006389014600758585,4.68559,0.5068272680242203,1.2477967712735107,-0.9804339492858309,True,DISAMBIG:135M:T5:mu0.9:raw:H2048:S10240,DISAMBIG:135M:T5:mu0:mu0:H2048:S10240
nesterov_raw:mu0.9,nesterov_raw,0.9,G6,G6,within_campaign,135M,5,2048,10240,0.23367422102258592,2.33674221022586,2.2770043505496558,2.406246869539424,0.010180950864590805,4.68559,0.49870821182089337,1.2244985845517666,-1.003732136007575,True,G6:135M:T5:mu0.9:raw:H2048:S10240,G6:135M:T5:mu0:mu0:H2048:S10240
nesterov_raw:mu0.9,nesterov_raw,0.9,G9B,G9B,within_campaign,7B,5,512,2560,0.2646768995634979,2.6467689956349796,2.6467689956349796,2.6467689956349796,,4.68559,0.5648742198175639,1.404232284975014,-0.8239984355843278,False,G9B:7B:T5:mu0.9:raw:H512:S2560,G9B:7B:T5:mu0:mu0:H512:S2560
nesterov_raw:mu0.9,nesterov_raw,0.9,G6,G6,within_campaign,135M,10,256,2560,0.16558432716269117,1.655843271626912,1.616305462127885,1.6997402616106112,0.009423409682972627,6.861894039100001,0.24130994477496925,0.7275661257676793,-2.0510407223014164,True,G6:135M:T10:mu0.9:raw:H256:S2560,G6:135M:T10:mu0:mu0:H256:S2560
nesterov_raw:mu0.9,nesterov_raw,0.9,G6,G6,within_campaign,135M,10,512,5120,0.15532538843701782,1.5532538843701786,1.5215433157491636,1.5840501175703352,0.0072888338204411375,6.861894039100001,0.22635935144429917,0.635293662169223,-2.143313185899873,True,G6:135M:T10:mu0.9:raw:H512:S5120,G6:135M:T10:mu0:mu0:H512:S5120
nesterov_raw:mu0.9,nesterov_raw,0.9,TP-pilot,TP-pilot,within_campaign,135M,10,512,5120,0.16847401483240554,1.6847401483240558,1.62715111210802,1.747689698804079,0.015266316879847417,6.861894039100001,0.24552115476050468,0.7525260895473503,-2.0260807585217453,True,TP-pilot:135M:T10:mu0.9:raw:H512:S5120,TP-pilot:135M:T10:mu0:raw:H512:S5120
nesterov_raw:mu0.9,nesterov_raw,0.9,TP-v3,TP-v3;TP-v3,within_campaign,135M,10,512,5120,0.1588336689831556,1.5883366898315563,1.5518043429622885,1.6302838144334473,0.008950073457814716,6.861894039100001,0.2314720514162706,0.6675167621432685,-2.1110900859258273,True,TP-v3:135M:T10:mu0.9:raw:H512:S5120,TP-v3:135M:T10:mu0:corrected:H512:S5120;TP-v3:135M:T10:mu0:raw:H512:S5120
nesterov_raw:mu0.9,nesterov_raw,0.9,G6,G6,within_campaign,135M,10,1024,10240,0.14375742732244418,1.437574273224442,1.3991735559363772,1.466476654405547,0.008481163196996652,6.861894039100001,0.2095010889169884,0.5236364957748875,-2.2549703522942086,True,G6:135M:T10:mu0.9:raw:H1024:S10240,G6:135M:T10:mu0:mu0:H1024:S10240
nesterov_raw:mu0.9,nesterov_raw,0.9,G4C,G4C,within_campaign,1.7B,20,512,10240,0.12806943474449328,1.280694347444933,1.1526725295265594,1.4766914905368518,0.04639348704805266,8.905810108684879,0.14380436274921352,0.3569262008616348,-2.7978206498390925,True,G4C:1.7B:T20:mu0.9:raw:H512:S10240,G4C:1.7B:T20:mu0:mu0:H512:S10240
nesterov_raw:mu0.9,nesterov_raw,0.9,G6,G6,within_campaign,135M,20,128,2560,0.1168895020140616,1.1688950201406163,1.1307144409185856,1.2014892429598654,0.010984755044146172,8.905810108684879,0.13125083578873062,0.2251453655210223,-2.929601485179705,True,G6:135M:T20:mu0.9:raw:H128:S2560,G6:135M:T20:mu0:mu0:H128:S2560
nesterov_raw:mu0.9,nesterov_raw,0.9,G6,G6,within_campaign,135M,20,256,5120,0.10550451841231757,1.055045184123176,1.0051770333986676,1.0823357393883024,0.013461923238232693,8.905810108684879,0.11846706489893648,0.07730478615003612,-3.077442064550691,True,G6:135M:T20:mu0.9:raw:H256:S5120,G6:135M:T20:mu0:mu0:H256:S5120
nesterov_raw:mu0.9,nesterov_raw,0.9,G6,G6,within_campaign,135M,20,512,10240,0.09248407039384726,0.9248407039384728,0.9047571166634502,0.9488624718880987,0.00886593763419639,8.905810108684879,0.1038468923828249,-0.11272319999221915,-3.2674700506929466,True,G6:135M:T20:mu0.9:raw:H512:S10240,G6:135M:T20:mu0:mu0:H512:S10240
nesterov_raw:mu0.9,nesterov_raw,0.9,TP-v3,TP-v3;TP-v3,within_campaign,135M,20,512,10240,0.09898466130370795,0.9898466130370797,0.9705821762663066,1.0099185068854437,0.007280226336805236,8.905810108684879,0.11114616199505407,-0.014723112882478953,-3.169469963583206,True,TP-v3:135M:T20:mu0.9:raw:H512:S10240,TP-v3:135M:T20:mu0:corrected:H512:S10240;TP-v3:135M:T20:mu0:raw:H512:S10240
nesterov_raw:mu0.9,nesterov_raw,0.9,TP-v2,TP-v2,within_campaign,135M,40,64,2560,0.09964531442050892,0.9964531442050893,0.9185385360866601,1.1924516747146865,0.060204649812180336,9.86697205352709,0.1009887469833152,-0.005126127467043421,-3.3077335501858816,False,TP-v2:135M:T40:mu0.9:raw:H64:S2560,TP-v2:135M:T40:mu0:raw:H64:S2560
nesterov_raw:mu0.9,nesterov_raw,0.9,TP-v1,TP-v1,within_campaign,135M,160,16,2560,0.10265792727897555,1.0265792727897558,0.9941271906070969,1.0638198024010466,0.013068597946068404,9.999999570420036,0.10265793168895465,0.03784503713461683,-3.2840829957774558,True,TP-v1:135M:T160:mu0.9:raw:H16:S2560,TP-v1:135M:T160:mu0:raw:H16:S2560
nesterov_raw:mu0.9,nesterov_raw,0.9,TP-v2,TP-v2,within_campaign,135M,160,16,2560,0.10363947372772023,1.0363947372772024,1.020530571767769,1.049444850431894,0.005119902604206525,9.999999570420036,0.10363947817986457,0.051573594768662474,-3.27035443814341,True,TP-v2:135M:T160:mu0.9:raw:H16:S2560,TP-v2:135M:T160:mu0:raw:H16:S2560
nesterov_raw:mu0.95,nesterov_raw,0.95,G8,G8,within_campaign,135M,2,512,1024,0.4005413679574338,8.010827359148669,7.830590350752284,8.21669748249271,0.008705102686374403,2.8524999999999996,2.808353149570086,3.001951252034701,1.4897243655207446,True,G8:135M:T2:mu0.95:raw:H512:S1024,G8:135M:T2:mu0:mu0:H512:S1024
nesterov_raw:mu0.95,nesterov_raw,0.95,G8,G8,within_campaign,135M,5,512,2560,0.2262644409455872,4.52528881891174,4.3983575062679465,4.768083345077554,0.015576949436082819,5.298162187499999,0.8541242526678956,2.178009872707341,-0.22748213550009944,True,G8:135M:T5:mu0.95:raw:H512:S2560,G8:135M:T5:mu0:mu0:H512:S2560
nesterov_raw:mu0.95,nesterov_raw,0.95,TP-pilot,G12;G5B;G5B;G6;G8;TP-v1;TP-v2;TP-v3;TP-v3,cross_campaign,135M,5,512,2560,0.2560183844703328,5.120367689406652,4.893612322403774,5.417343303654142,0.009307698272947997,5.298162187499999,0.9664422318907452,2.3562474126934445,-0.049244595513995404,True,TP-pilot:135M:T5:mu0.95:raw:H512:S2560,G12:135M:T5:mu0:mu0:H512:S2560;G5B:135M:T5:mu0:snoo-a:H512:S2560;G5B:135M:T5:mu0:snoo-c:H512:S2560;G6:135M:T5:mu0:mu0:H512:S2560;G8:135M:T5:mu0:mu0:H512:S2560;TP-v1:135M:T5:mu0:raw:H512:S2560;TP-v2:135M:T5:mu0:raw:H512:S2560;TP-v3:135M:T5:mu0:corrected:H512:S2560;TP-v3:135M:T5:mu0:raw:H512:S2560
nesterov_raw:mu0.95,nesterov_raw,0.95,G8,G8,within_campaign,135M,20,512,10240,0.051959515697469164,1.0391903139493823,1.0313473035139833,1.0534012621162698,0.00416921378072054,13.188767474237691,0.07879358825449664,0.05545988893700368,-3.6657779531107546,True,G8:135M:T20:mu0.95:raw:H512:S10240,G8:135M:T20:mu0:mu0:H512:S10240
