utc	run	volume_path	bytes	sha256_16	note
2026-10-10T00:43:52Z	s19-verl64b-async5-20261009a	yeto-evidence-archive:s19/verl64b/s19-verl64b-async5-20261009a.tgz	170568	0f9d425ca6c71265	#11 B 臂失败（LoRA 推权重）
2026-10-10T01:14:49Z	s19-verl64b-async6-20261010a	yeto-evidence-archive:s19/verl64b/s19-verl64b-async6-20261010a.tgz	145816	94885ec358a2936b	#11 B 臂失败（头张量未对齐）
2026-10-10T01:28:01Z	s19-verl64b-async7-20261010a	yeto-evidence-archive:s19/verl64b/s19-verl64b-async7-20261010a.tgz	142412	2d9633a023befab4	#11 B 臂失败（trainer 类未替换）
2026-10-10T01:38:23Z	s19-verl64b-async8-20261010a	yeto-evidence-archive:s19/verl64b/s19-verl64b-async8-20261010a.tgz	237776	01319be8d2a850ee	#11 B 臂 F1-F4/F6 过，F5 不过（无续写）
2026-10-10T01:38:30Z	s19-verl64b-async8-20261010a	yeto-evidence-archive:s19/verl64b/s19-verl64b-async8-20261010a.tgz	237776	01319be8d2a850ee	#11 B 臂 F1-F4/F6 过 F5 不过
2026-10-10T01:57:21Z	s19-p1-base-20261009e	yeto-evidence-archive:s19/algosup/s19-p1-base-20261009e.tgz	259740	4b264d6eea72a867	#13 算法补充阶段一
2026-10-10T01:57:21Z	s19-p1-baseold-20261010b	yeto-evidence-archive:s19/algosup/s19-p1-baseold-20261010b.tgz	258928	cb63874c20f8abf4	#13 算法补充阶段一
2026-10-10T01:57:21Z	s19-p1-cispo-20261010a	yeto-evidence-archive:s19/algosup/s19-p1-cispo-20261010a.tgz	264221	b595e9a05634214c	#13 算法补充阶段一
2026-10-10T01:57:21Z	s19-p1-clip-hi-20261010c	yeto-evidence-archive:s19/algosup/s19-p1-clip-hi-20261010c.tgz	276871	4ed6f73e9085eb4e	#13 算法补充阶段一
2026-10-10T01:57:21Z	s19-p1-clip-sym-20261010b	yeto-evidence-archive:s19/algosup/s19-p1-clip-sym-20261010b.tgz	275959	f5cef58e8e5319c3	#13 算法补充阶段一
2026-10-10T01:57:21Z	s19-p1-dual-20261010a	yeto-evidence-archive:s19/algosup/s19-p1-dual-20261010a.tgz	264033	65d487c6f1016e7a	#13 算法补充阶段一
2026-10-10T01:57:21Z	s19-p1-g3-20261010a	yeto-evidence-archive:s19/algosup/s19-p1-g3-20261010a.tgz	122726252	f1718ff9f865980f	#13 算法补充阶段一
2026-10-10T01:57:21Z	s19-p1-gmpo-20261010a	yeto-evidence-archive:s19/algosup/s19-p1-gmpo-20261010a.tgz	259741	5fb2fceff9beb3a3	#13 算法补充阶段一
2026-10-10T01:57:21Z	s19-p1-kl-k1-20261010a	yeto-evidence-archive:s19/algosup/s19-p1-kl-k1-20261010a.tgz	267164	c4dd84b701ef7af7	#13 算法补充阶段一
2026-10-10T01:57:21Z	s19-p1-kl-k2-20261010a	yeto-evidence-archive:s19/algosup/s19-p1-kl-k2-20261010a.tgz	261692	09b8e4094b3b87d9	#13 算法补充阶段一
2026-10-10T01:57:21Z	s19-p1-kl-k3-20261010a	yeto-evidence-archive:s19/algosup/s19-p1-kl-k3-20261010a.tgz	265214	dc8ebcdf5bb28b4d	#13 算法补充阶段一
2026-10-10T01:57:21Z	s19-p1-kl-lowvarkl-20261010b	yeto-evidence-archive:s19/algosup/s19-p1-kl-lowvarkl-20261010b.tgz	269211	50df9f08a44ddc30	#13 算法补充阶段一
2026-10-10T01:57:21Z	s19-p1-kl-unbiased-20261010b	yeto-evidence-archive:s19/algosup/s19-p1-kl-unbiased-20261010b.tgz	279829	ba4c180bf88143b1	#13 算法补充阶段一
2026-10-10T01:57:21Z	s19-p1-nonorm-20261010a	yeto-evidence-archive:s19/algosup/s19-p1-nonorm-20261010a.tgz	266074	1a727a583e955bdd	#13 算法补充阶段一
2026-10-10T01:57:21Z	s19-p1-opsm-rollout-20261010a	yeto-evidence-archive:s19/algosup/s19-p1-opsm-rollout-20261010a.tgz	264037	cf7041516f56202e	#13 算法补充阶段一
2026-10-10T01:57:21Z	s19-p1-os-20261010b	yeto-evidence-archive:s19/algosup/s19-p1-os-20261010b.tgz	269517	cc01a9d2365506fd	#13 算法补充阶段一
2026-10-10T01:57:21Z	s19-p1-sapo-20261010a	yeto-evidence-archive:s19/algosup/s19-p1-sapo-20261010a.tgz	262286	d24591714648523b	#13 算法补充阶段一
2026-10-10T01:57:21Z	s19-p1-whiten-20261010a	yeto-evidence-archive:s19/algosup/s19-p1-whiten-20261010a.tgz	263914	d9f613fc7b4547de	#13 算法补充阶段一
2026-10-10T02:48:33Z	s19-verl64b-async9-20261010a	yeto-evidence-archive:s19/verl64b/s19-verl64b-async9-20261010a.tgz	236186	e2e31143a4f52f0e	#11 B 臂 s=1：F5 仍不过
2026-10-10T03:05:09Z	s19-verl64b-async10-20261010a	yeto-evidence-archive:s19/verl64b/s19-verl64b-async10-20261010a.tgz	239534	04c620d3cc9a622a	#11 F5 专测 通过
2026-10-10T03:19:18Z	s19-p1-cispo-tis-20261010b	yeto-evidence-archive:s19/algosup/s19-p1-cispo-tis-20261010b.tgz	268496	08bbc641158c51b5	#13 4.3 通过
2026-10-10T03:19:21Z	s19-p1-sapo-tis-20261010b	yeto-evidence-archive:s19/algosup/s19-p1-sapo-tis-20261010b.tgz	275102	b802b92ae639c3a7	#13 4.3 通过
2026-10-10T03:19:24Z	s19-p1-gmpo-tis-20261010b	yeto-evidence-archive:s19/algosup/s19-p1-gmpo-tis-20261010b.tgz	268180	bda10566de71ecc3	#13 4.3 通过
2026-10-10T03:59:44Z	s19-ppo-g3-20261009b	yeto-evidence-archive:s19/critic/s19-ppo-g3-20261009b.tgz	1361444	a13613e251351534	critic2 #5/#2 G3（不含 ckpt 与 head 打包）
2026-10-10T03:59:47Z	s19-ppo-g3-20261010c	yeto-evidence-archive:s19/critic/s19-ppo-g3-20261010c.tgz	1995	6b60eb15d7ace4a8	critic2 #5/#2 G3（不含 ckpt 与 head 打包）
2026-10-10T03:59:50Z	s19-ppo-g3-20261010d	yeto-evidence-archive:s19/critic/s19-ppo-g3-20261010d.tgz	1500687	540e3cae20efb29b	critic2 #5/#2 G3（不含 ckpt 与 head 打包）
2026-10-10T03:59:53Z	s19-sao-g3-20261010a	yeto-evidence-archive:s19/critic/s19-sao-g3-20261010a.tgz	53716	07ad871ec67bbfa0	critic2 #5/#2 G3（不含 ckpt 与 head 打包）
2026-10-10T03:59:56Z	s19-sao-g3-20261010b	yeto-evidence-archive:s19/critic/s19-sao-g3-20261010b.tgz	782160	9b2c1b20310620fe	critic2 #5/#2 G3（不含 ckpt 与 head 打包）
