campaign,scale,T,H,S,convention,momentum_mu,momentum_rung,control_rung,training_seed,momentum_eta,control_eta,momentum_cell_id,control_cell_id,momentum_node,control_node,momentum_archive_member,control_archive_member,momentum_member_listed,control_member_listed,status,reason
G6,135M,20,128,2560,nesterov_corrected,0.9,e2,e2,601,0.0014766463953164444,0.0238813104365276,v6-t20-s02560-corrected-e2-seed601,v6-t20-s02560-mu0-e2-seed601,h200-n1,h200-n2,data/yeto-results-v6/v6-t20-s02560-corrected-e2-seed601/attempt-1/work/m4/state.ckpt,data/yeto-results-v6/v6-t20-s02560-mu0-e2-seed601/attempt-1/work/m4/state.ckpt,false,false,LOST_N2,n2-resident weights not present: control
G6,135M,20,128,2560,nesterov_corrected,0.9,e2,e2,607,0.0014766463953164444,0.0238813104365276,v6-t20-s02560-corrected-e2-seed607,v6-t20-s02560-mu0-e2-seed607,h200-n1,h200-n1,data/yeto-results-v6/v6-t20-s02560-corrected-e2-seed607/attempt-1/work/m4/state.ckpt,data/yeto-results-v6/v6-t20-s02560-mu0-e2-seed607/attempt-1/work/m4/state.ckpt,false,false,MISSING_ARCHIVE_MEMBER,"n1 metadata but archive member absent: momentum,control"
G6,135M,20,128,2560,nesterov_corrected,0.9,e2,e2,613,0.0014766463953164444,0.0238813104365276,v6-t20-s02560-corrected-e2-seed613,v6-t20-s02560-mu0-e2-seed613,h200-n1,h200-n2,data/yeto-results-v6/v6-t20-s02560-corrected-e2-seed613/attempt-1/work/m4/state.ckpt,data/yeto-results-v6/v6-t20-s02560-mu0-e2-seed613/attempt-1/work/m4/state.ckpt,false,false,LOST_N2,n2-resident weights not present: control
G6,135M,20,128,2560,nesterov_raw,0.9,e2,e2,601,0.0026815427395244745,0.0238813104365276,v6-t20-s02560-raw-e2-seed601,v6-t20-s02560-mu0-e2-seed601,h200-n2,h200-n2,data/yeto-results-v6/v6-t20-s02560-raw-e2-seed601/attempt-1/work/m4/state.ckpt,data/yeto-results-v6/v6-t20-s02560-mu0-e2-seed601/attempt-1/work/m4/state.ckpt,false,false,LOST_N2,"n2-resident weights not present: momentum,control"
G6,135M,20,128,2560,nesterov_raw,0.9,e2,e2,607,0.0026815427395244745,0.0238813104365276,v6-t20-s02560-raw-e2-seed607,v6-t20-s02560-mu0-e2-seed607,h200-n2,h200-n1,data/yeto-results-v6/v6-t20-s02560-raw-e2-seed607/attempt-1/work/m4/state.ckpt,data/yeto-results-v6/v6-t20-s02560-mu0-e2-seed607/attempt-1/work/m4/state.ckpt,false,false,LOST_N2,n2-resident weights not present: momentum
G6,135M,20,128,2560,nesterov_raw,0.9,e2,e2,613,0.0026815427395244745,0.0238813104365276,v6-t20-s02560-raw-e2-seed613,v6-t20-s02560-mu0-e2-seed613,h200-n1,h200-n2,data/yeto-results-v6/v6-t20-s02560-raw-e2-seed613/attempt-1/work/m4/state.ckpt,data/yeto-results-v6/v6-t20-s02560-mu0-e2-seed613/attempt-1/work/m4/state.ckpt,false,false,LOST_N2,n2-resident weights not present: control
G6,135M,20,256,5120,nesterov_corrected,0.9,e2,e2,601,0.0014079272117605325,0.024519758981672045,v6-t20-s05120-corrected-e2-seed601,v6-t20-s05120-mu0-e2-seed601,h200-n2,h200-n2,data/yeto-results-v6/v6-t20-s05120-corrected-e2-seed601/attempt-1/work/m4/state.ckpt,data/yeto-results-v6/v6-t20-s05120-mu0-e2-seed601/attempt-1/work/m4/state.ckpt,false,false,LOST_N2,"n2-resident weights not present: momentum,control"
G6,135M,20,256,5120,nesterov_corrected,0.9,e2,e2,607,0.0014079272117605325,0.024519758981672045,v6-t20-s05120-corrected-e2-seed607,v6-t20-s05120-mu0-e2-seed607,h200-n2,h200-n1,data/yeto-results-v6/v6-t20-s05120-corrected-e2-seed607/attempt-1/work/m4/state.ckpt,data/yeto-results-v6/v6-t20-s05120-mu0-e2-seed607/attempt-1/work/m4/state.ckpt,false,false,LOST_N2,n2-resident weights not present: momentum
G6,135M,20,256,5120,nesterov_corrected,0.9,e2,e2,613,0.0014079272117605325,0.024519758981672045,v6-t20-s05120-corrected-e2-seed613,v6-t20-s05120-mu0-e2-seed613,h200-n1,h200-n2,data/yeto-results-v6/v6-t20-s05120-corrected-e2-seed613/attempt-1/work/m4/state.ckpt,data/yeto-results-v6/v6-t20-s05120-mu0-e2-seed613/attempt-1/work/m4/state.ckpt,false,false,LOST_N2,n2-resident weights not present: control
G6,135M,20,256,5120,nesterov_raw,0.9,e1,e2,601,0.001946828827182391,0.024519758981672045,v6-t20-s05120-raw-e1-seed601,v6-t20-s05120-mu0-e2-seed601,h200-n1,h200-n2,data/yeto-results-v6/v6-t20-s05120-raw-e1-seed601/attempt-1/work/m4/state.ckpt,data/yeto-results-v6/v6-t20-s05120-mu0-e2-seed601/attempt-1/work/m4/state.ckpt,false,false,LOST_N2,n2-resident weights not present: control
G6,135M,20,256,5120,nesterov_raw,0.9,e1,e2,607,0.001946828827182391,0.024519758981672045,v6-t20-s05120-raw-e1-seed607,v6-t20-s05120-mu0-e2-seed607,h200-n2,h200-n1,data/yeto-results-v6/v6-t20-s05120-raw-e1-seed607/attempt-1/work/m4/state.ckpt,data/yeto-results-v6/v6-t20-s05120-mu0-e2-seed607/attempt-1/work/m4/state.ckpt,false,false,LOST_N2,n2-resident weights not present: momentum
G6,135M,20,256,5120,nesterov_raw,0.9,e1,e2,613,0.001946828827182391,0.024519758981672045,v6-t20-s05120-raw-e1-seed613,v6-t20-s05120-mu0-e2-seed613,h200-n1,h200-n2,data/yeto-results-v6/v6-t20-s05120-raw-e1-seed613/attempt-1/work/m4/state.ckpt,data/yeto-results-v6/v6-t20-s05120-mu0-e2-seed613/attempt-1/work/m4/state.ckpt,false,false,LOST_N2,n2-resident weights not present: control
G6,135M,20,512,10240,nesterov_corrected,0.9,e2,e2,601,0.0013424060356650182,0.025175275959718465,v6-t20-s10240-corrected-e2-seed601,v6-t20-s10240-mu0-e2-seed601,h200-n1,h200-n2,data/yeto-results-v6/v6-t20-s10240-corrected-e2-seed601/attempt-1/work/m4/state.ckpt,data/yeto-results-v6/v6-t20-s10240-mu0-e2-seed601/attempt-1/work/m4/state.ckpt,false,false,LOST_N2,n2-resident weights not present: control
G6,135M,20,512,10240,nesterov_corrected,0.9,e2,e2,607,0.0013424060356650182,0.025175275959718465,v6-t20-s10240-corrected-e2-seed607,v6-t20-s10240-mu0-e2-seed607,h200-n1,h200-n2,data/yeto-results-v6/v6-t20-s10240-corrected-e2-seed607/attempt-1/work/m4/state.ckpt,data/yeto-results-v6/v6-t20-s10240-mu0-e2-seed607/attempt-1/work/m4/state.ckpt,false,false,LOST_N2,n2-resident weights not present: control
G6,135M,20,512,10240,nesterov_corrected,0.9,e2,e2,613,0.0013424060356650182,0.025175275959718465,v6-t20-s10240-corrected-e2-seed613,v6-t20-s10240-mu0-e2-seed613,h200-n1,h200-n1,data/yeto-results-v6/v6-t20-s10240-corrected-e2-seed613/attempt-1/work/m4/state.ckpt,data/yeto-results-v6/v6-t20-s10240-mu0-e2-seed613/attempt-1/work/m4/state.ckpt,false,false,MISSING_ARCHIVE_MEMBER,"n1 metadata but archive member absent: momentum,control"
G6,135M,20,512,10240,nesterov_raw,0.9,e2,e2,601,0.002826837272801015,0.025175275959718465,v6-t20-s10240-raw-e2-seed601,v6-t20-s10240-mu0-e2-seed601,h200-n2,h200-n2,data/yeto-results-v6/v6-t20-s10240-raw-e2-seed601/attempt-1/work/m4/state.ckpt,data/yeto-results-v6/v6-t20-s10240-mu0-e2-seed601/attempt-1/work/m4/state.ckpt,false,false,LOST_N2,"n2-resident weights not present: momentum,control"
G6,135M,20,512,10240,nesterov_raw,0.9,e2,e2,607,0.002826837272801015,0.025175275959718465,v6-t20-s10240-raw-e2-seed607,v6-t20-s10240-mu0-e2-seed607,h200-n1,h200-n2,data/yeto-results-v6/v6-t20-s10240-raw-e2-seed607/attempt-1/work/m4/state.ckpt,data/yeto-results-v6/v6-t20-s10240-mu0-e2-seed607/attempt-1/work/m4/state.ckpt,false,false,LOST_N2,n2-resident weights not present: control
G6,135M,20,512,10240,nesterov_raw,0.9,e2,e2,613,0.002826837272801015,0.025175275959718465,v6-t20-s10240-raw-e2-seed613,v6-t20-s10240-mu0-e2-seed613,h200-n2,h200-n1,data/yeto-results-v6/v6-t20-s10240-raw-e2-seed613/attempt-1/work/m4/state.ckpt,data/yeto-results-v6/v6-t20-s10240-mu0-e2-seed613/attempt-1/work/m4/state.ckpt,false,false,LOST_N2,n2-resident weights not present: momentum
G8,135M,20,512,10240,nesterov_corrected,0.8,e2,e2,801,0.004071667090341023,0.035603216698719194,v8-t20-corrected-mu0p80-e2-seed801,v8-t20-mu0-mu0-e2-seed801,h200-n2,h200-n1,data/yeto-results-v8/v8-t20-corrected-mu0p80-e2-seed801/attempt-1/work/m4/state.ckpt,data/yeto-results-v8/v8-t20-mu0-mu0-e2-seed801/attempt-1/work/m4/state.ckpt,false,true,LOST_N2,n2-resident weights not present: momentum
G8,135M,20,512,10240,nesterov_corrected,0.8,e2,e2,809,0.004071667090341023,0.035603216698719194,v8-t20-corrected-mu0p80-e2-seed809,v8-t20-mu0-mu0-e2-seed809,h200-n1,h200-n2,data/yeto-results-v8/v8-t20-corrected-mu0p80-e2-seed809/attempt-1/work/m4/state.ckpt,data/yeto-results-v8/v8-t20-mu0-mu0-e2-seed809/attempt-1/work/m4/state.ckpt,true,false,LOST_N2,n2-resident weights not present: control
G8,135M,20,512,10240,nesterov_corrected,0.8,e2,e2,811,0.004071667090341023,0.035603216698719194,v8-t20-corrected-mu0p80-e2-seed811,v8-t20-mu0-mu0-e2-seed811,h200-n1,h200-n1,data/yeto-results-v8/v8-t20-corrected-mu0p80-e2-seed811/attempt-1/work/m4/state.ckpt,data/yeto-results-v8/v8-t20-mu0-mu0-e2-seed811/attempt-1/work/m4/state.ckpt,true,true,PROBEABLE,both same-seed selected-rung terminal weights retained in n1 archive
G8,135M,20,512,10240,nesterov_corrected,0.95,e2,e2,801,0.000916636640687302,0.035603216698719194,v8-t20-corrected-mu0p95-e2-seed801,v8-t20-mu0-mu0-e2-seed801,h200-n1,h200-n1,data/yeto-results-v8/v8-t20-corrected-mu0p95-e2-seed801/attempt-1/work/m4/state.ckpt,data/yeto-results-v8/v8-t20-mu0-mu0-e2-seed801/attempt-1/work/m4/state.ckpt,true,true,PROBEABLE,both same-seed selected-rung terminal weights retained in n1 archive
G8,135M,20,512,10240,nesterov_corrected,0.95,e2,e2,809,0.000916636640687302,0.035603216698719194,v8-t20-corrected-mu0p95-e2-seed809,v8-t20-mu0-mu0-e2-seed809,h200-n1,h200-n2,data/yeto-results-v8/v8-t20-corrected-mu0p95-e2-seed809/attempt-1/work/m4/state.ckpt,data/yeto-results-v8/v8-t20-mu0-mu0-e2-seed809/attempt-1/work/m4/state.ckpt,true,false,LOST_N2,n2-resident weights not present: control
G8,135M,20,512,10240,nesterov_corrected,0.95,e2,e2,811,0.000916636640687302,0.035603216698719194,v8-t20-corrected-mu0p95-e2-seed811,v8-t20-mu0-mu0-e2-seed811,h200-n2,h200-n1,data/yeto-results-v8/v8-t20-corrected-mu0p95-e2-seed811/attempt-1/work/m4/state.ckpt,data/yeto-results-v8/v8-t20-mu0-mu0-e2-seed811/attempt-1/work/m4/state.ckpt,false,true,LOST_N2,n2-resident weights not present: momentum
G8,135M,20,512,10240,nesterov_raw,0.8,e2,e2,801,0.006457342906671422,0.035603216698719194,v8-t20-raw-mu0p80-e2-seed801,v8-t20-mu0-mu0-e2-seed801,h200-n1,h200-n1,data/yeto-results-v8/v8-t20-raw-mu0p80-e2-seed801/attempt-1/work/m4/state.ckpt,data/yeto-results-v8/v8-t20-mu0-mu0-e2-seed801/attempt-1/work/m4/state.ckpt,true,true,PROBEABLE,both same-seed selected-rung terminal weights retained in n1 archive
G8,135M,20,512,10240,nesterov_raw,0.8,e2,e2,809,0.006457342906671422,0.035603216698719194,v8-t20-raw-mu0p80-e2-seed809,v8-t20-mu0-mu0-e2-seed809,h200-n1,h200-n2,data/yeto-results-v8/v8-t20-raw-mu0p80-e2-seed809/attempt-1/work/m4/state.ckpt,data/yeto-results-v8/v8-t20-mu0-mu0-e2-seed809/attempt-1/work/m4/state.ckpt,true,false,LOST_N2,n2-resident weights not present: control
G8,135M,20,512,10240,nesterov_raw,0.8,e2,e2,811,0.006457342906671422,0.035603216698719194,v8-t20-raw-mu0p80-e2-seed811,v8-t20-mu0-mu0-e2-seed811,h200-n2,h200-n1,data/yeto-results-v8/v8-t20-raw-mu0p80-e2-seed811/attempt-1/work/m4/state.ckpt,data/yeto-results-v8/v8-t20-mu0-mu0-e2-seed811/attempt-1/work/m4/state.ckpt,false,true,LOST_N2,n2-resident weights not present: momentum
G8,135M,20,512,10240,nesterov_raw,0.95,e2,e2,801,0.0023772704381995425,0.035603216698719194,v8-t20-raw-mu0p95-e2-seed801,v8-t20-mu0-mu0-e2-seed801,h200-n1,h200-n1,data/yeto-results-v8/v8-t20-raw-mu0p95-e2-seed801/attempt-1/work/m4/state.ckpt,data/yeto-results-v8/v8-t20-mu0-mu0-e2-seed801/attempt-1/work/m4/state.ckpt,true,true,PROBEABLE,both same-seed selected-rung terminal weights retained in n1 archive
G8,135M,20,512,10240,nesterov_raw,0.95,e2,e2,809,0.0023772704381995425,0.035603216698719194,v8-t20-raw-mu0p95-e2-seed809,v8-t20-mu0-mu0-e2-seed809,h200-n2,h200-n2,data/yeto-results-v8/v8-t20-raw-mu0p95-e2-seed809/attempt-1/work/m4/state.ckpt,data/yeto-results-v8/v8-t20-mu0-mu0-e2-seed809/attempt-1/work/m4/state.ckpt,false,false,LOST_N2,"n2-resident weights not present: momentum,control"
G8,135M,20,512,10240,nesterov_raw,0.95,e2,e2,811,0.0023772704381995425,0.035603216698719194,v8-t20-raw-mu0p95-e2-seed811,v8-t20-mu0-mu0-e2-seed811,h200-n1,h200-n1,data/yeto-results-v8/v8-t20-raw-mu0p95-e2-seed811/attempt-1/work/m4/state.ckpt,data/yeto-results-v8/v8-t20-mu0-mu0-e2-seed811/attempt-1/work/m4/state.ckpt,true,true,PROBEABLE,both same-seed selected-rung terminal weights retained in n1 archive
