momentum_point_id,control_point_id,campaign,scale,T,H,S,mu,convention,observed_to_law_ratio,log2_observed_to_law,conservative_marginal_ci_low,conservative_marginal_ci_high,law_required_ratio,note
DISAMBIG:135M:T5:mu0.9:corrected:H2048:S10240,DISAMBIG:135M:T5:mu0:mu0:H2048:S10240,DISAMBIG,135M,5,2048,10240,0.9,nesterov_corrected,0.7474202472383976,-0.42000844875664406,0.7372587303787915,0.7568454597244124,1.0,"eta0(scale) and q**T cancel; CI is conservative marginal endpoint combination, not a paired-bootstrap ratio CI"
DISAMBIG:135M:T5:mu0.9:corrected:H1024:S5120,DISAMBIG:135M:T5:mu0:mu0:H1024:S5120,DISAMBIG,135M,5,1024,5120,0.9,nesterov_corrected,0.8098652950599178,-0.30424613048304006,0.7701608244186277,0.851133038985265,1.0,"eta0(scale) and q**T cancel; CI is conservative marginal endpoint combination, not a paired-bootstrap ratio CI"
DISAMBIG:135M:T5:mu0.9:raw:H2048:S10240,DISAMBIG:135M:T5:mu0:mu0:H2048:S10240,DISAMBIG,135M,5,2048,10240,0.9,nesterov_raw,0.5068272680242203,-0.9804339492858309,0.5000666623553184,0.5167377152011964,1.0,"eta0(scale) and q**T cancel; CI is conservative marginal endpoint combination, not a paired-bootstrap ratio CI"
DISAMBIG:135M:T5:mu0.9:raw:H1024:S5120,DISAMBIG:135M:T5:mu0:mu0:H1024:S5120,DISAMBIG,135M,5,1024,5120,0.9,nesterov_raw,0.5449043130810387,-0.8759251845638579,0.5105162306312284,0.576514910949335,1.0,"eta0(scale) and q**T cancel; CI is conservative marginal endpoint combination, not a paired-bootstrap ratio CI"
G12:135M:T2:mu0.9:heavy_ball:H1280:S2560,G12:135M:T2:mu0:mu0:H1280:S2560,G12,135M,2,1280,2560,0.9,heavy_ball,3.306794916392978,1.7254335740208684,2.9609174198859254,3.599833607859453,1.0,"eta0(scale) and q**T cancel; CI is conservative marginal endpoint combination, not a paired-bootstrap ratio CI"
G12:135M:T5:mu0.9:heavy_ball:H512:S2560,G12:135M:T5:mu0:mu0:H512:S2560,G12,135M,5,512,2560,0.9,heavy_ball,0.7244168139814965,-0.4651080627265478,0.6783119744638143,0.7639346724832886,1.0,"eta0(scale) and q**T cancel; CI is conservative marginal endpoint combination, not a paired-bootstrap ratio CI"
G12:135M:T20:mu0.9:heavy_ball:H128:S2560,G12:135M:T20:mu0:mu0:H128:S2560,G12,135M,20,128,2560,0.9,heavy_ball,0.13139267575593128,-2.928043237378566,0.12909797058489456,0.13285342700215252,1.0,"eta0(scale) and q**T cancel; CI is conservative marginal endpoint combination, not a paired-bootstrap ratio CI"
G6:135M:T2:mu0.9:corrected:H5120:S10240,G6:135M:T2:mu0:mu0:H5120:S10240,G6,135M,2,5120,10240,0.9,nesterov_corrected,0.9556631023016957,-0.06542597699509892,0.9325626735426672,0.9901591640552534,1.0,"eta0(scale) and q**T cancel; CI is conservative marginal endpoint combination, not a paired-bootstrap ratio CI"
G6:135M:T2:mu0.9:corrected:H1280:S2560,G6:135M:T2:mu0:mu0:H1280:S2560,G6,135M,2,1280,2560,0.9,nesterov_corrected,0.9332157826001773,-0.09971738841558478,0.9202959688179027,0.9438422958622459,1.0,"eta0(scale) and q**T cancel; CI is conservative marginal endpoint combination, not a paired-bootstrap ratio CI"
G6:135M:T2:mu0.9:corrected:H2560:S5120,G6:135M:T2:mu0:mu0:H2560:S5120,G6,135M,2,2560,5120,0.9,nesterov_corrected,0.9221744167165589,-0.11688845233001258,0.8799838308599709,0.9676428182846778,1.0,"eta0(scale) and q**T cancel; CI is conservative marginal endpoint combination, not a paired-bootstrap ratio CI"
G6:135M:T2:mu0.9:raw:H5120:S10240,G6:135M:T2:mu0:mu0:H5120:S10240,G6,135M,2,5120,10240,0.9,nesterov_raw,1.4902188925372852,0.5755242581934249,1.4542479098812595,1.562817831131685,1.0,"eta0(scale) and q**T cancel; CI is conservative marginal endpoint combination, not a paired-bootstrap ratio CI"
G6:135M:T2:mu0.9:raw:H1280:S2560,G6:135M:T2:mu0:mu0:H1280:S2560,G6,135M,2,1280,2560,0.9,nesterov_raw,1.5321989658258304,0.6156036525970612,1.4899864105676799,1.5638385128052839,1.0,"eta0(scale) and q**T cancel; CI is conservative marginal endpoint combination, not a paired-bootstrap ratio CI"
G6:135M:T2:mu0.9:raw:H2560:S5120,G6:135M:T2:mu0:mu0:H2560:S5120,G6,135M,2,2560,5120,0.9,nesterov_raw,1.4976125244807468,0.5826644052921733,1.4384046206546715,1.564698167464529,1.0,"eta0(scale) and q**T cancel; CI is conservative marginal endpoint combination, not a paired-bootstrap ratio CI"
G6:135M:T5:mu0.9:corrected:H2048:S10240,G6:135M:T5:mu0:mu0:H2048:S10240,G6,135M,5,2048,10240,0.9,nesterov_corrected,0.727876078264333,-0.4582352440396268,0.7094901099947212,0.7469646989806719,1.0,"eta0(scale) and q**T cancel; CI is conservative marginal endpoint combination, not a paired-bootstrap ratio CI"
G6:135M:T5:mu0.9:corrected:H512:S2560,G6:135M:T5:mu0:mu0:H512:S2560,G6,135M,5,512,2560,0.9,nesterov_corrected,0.8305647423614835,-0.26783546451625356,0.797929685778354,0.8530186689835172,1.0,"eta0(scale) and q**T cancel; CI is conservative marginal endpoint combination, not a paired-bootstrap ratio CI"
G6:135M:T5:mu0.9:corrected:H1024:S5120,G6:135M:T5:mu0:mu0:H1024:S5120,G6,135M,5,1024,5120,0.9,nesterov_corrected,0.7932253140132417,-0.33419737619777107,0.779391840380152,0.8169586052025979,1.0,"eta0(scale) and q**T cancel; CI is conservative marginal endpoint combination, not a paired-bootstrap ratio CI"
G6:135M:T5:mu0.9:raw:H2048:S10240,G6:135M:T5:mu0:mu0:H2048:S10240,G6,135M,5,2048,10240,0.9,nesterov_raw,0.49870821182089303,-1.003732136007576,0.48595894018675473,0.513541916714743,1.0,"eta0(scale) and q**T cancel; CI is conservative marginal endpoint combination, not a paired-bootstrap ratio CI"
G6:135M:T5:mu0.9:raw:H512:S2560,G6:135M:T5:mu0:mu0:H512:S2560,G6,135M,5,512,2560,0.9,nesterov_raw,0.5451783399943566,-0.8751998500653665,0.5256925281242916,0.558667009708698,1.0,"eta0(scale) and q**T cancel; CI is conservative marginal endpoint combination, not a paired-bootstrap ratio CI"
G6:135M:T5:mu0.9:raw:H1024:S5120,G6:135M:T5:mu0:mu0:H1024:S5120,G6,135M,5,1024,5120,0.9,nesterov_raw,0.5219261890420693,-0.9380823000314854,0.5073228091573642,0.5387686556040568,1.0,"eta0(scale) and q**T cancel; CI is conservative marginal endpoint combination, not a paired-bootstrap ratio CI"
G6:135M:T10:mu0.9:corrected:H1024:S10240,G6:135M:T10:mu0:mu0:H1024:S10240,G6,135M,10,1024,10240,0.9,nesterov_corrected,0.6286444104220673,-0.669683900331834,0.6122951265058466,0.6428816751008346,1.0,"eta0(scale) and q**T cancel; CI is conservative marginal endpoint combination, not a paired-bootstrap ratio CI"
G6:135M:T10:mu0.9:corrected:H256:S2560,G6:135M:T10:mu0:mu0:H256:S2560,G6,135M,10,256,2560,0.9,nesterov_corrected,0.7605313971287864,-0.3949202867180049,0.7045900340630697,0.7966671982578519,1.0,"eta0(scale) and q**T cancel; CI is conservative marginal endpoint combination, not a paired-bootstrap ratio CI"
G6:135M:T10:mu0.9:corrected:H512:S5120,G6:135M:T10:mu0:mu0:H512:S5120,G6,135M,10,512,5120,0.9,nesterov_corrected,0.7039414678751119,-0.5064726198840718,0.6868164993184666,0.7219599888240743,1.0,"eta0(scale) and q**T cancel; CI is conservative marginal endpoint combination, not a paired-bootstrap ratio CI"
G6:135M:T10:mu0.9:raw:H1024:S10240,G6:135M:T10:mu0:mu0:H1024:S10240,G6,135M,10,1024,10240,0.9,nesterov_raw,0.2095010889169909,-2.2549703522941913,0.20390486183023362,0.21371310108395541,1.0,"eta0(scale) and q**T cancel; CI is conservative marginal endpoint combination, not a paired-bootstrap ratio CI"
G6:135M:T10:mu0.9:raw:H256:S2560,G6:135M:T10:mu0:mu0:H256:S2560,G6,135M,10,256,2560,0.9,nesterov_raw,0.241309944774973,-2.0510407223013942,0.23554800655882452,0.24770715664294557,1.0,"eta0(scale) and q**T cancel; CI is conservative marginal endpoint combination, not a paired-bootstrap ratio CI"
G6:135M:T10:mu0.9:raw:H512:S5120,G6:135M:T10:mu0:mu0:H512:S5120,G6,135M,10,512,5120,0.9,nesterov_raw,0.2263593514443017,-2.143313185899857,0.2217380954994671,0.2308473591320752,1.0,"eta0(scale) and q**T cancel; CI is conservative marginal endpoint combination, not a paired-bootstrap ratio CI"
G6:135M:T20:mu0.9:corrected:H512:S10240,G6:135M:T20:mu0:mu0:H512:S10240,G6,135M,20,512,10240,0.9,nesterov_corrected,0.5440407025095719,-0.8782135038675686,0.5301752223087622,0.5585436997600002,1.0,"eta0(scale) and q**T cancel; CI is conservative marginal endpoint combination, not a paired-bootstrap ratio CI"
G6:135M:T20:mu0.9:corrected:H128:S2560,G6:135M:T20:mu0:mu0:H128:S2560,G6,135M,20,128,2560,0.9,nesterov_corrected,0.7297100979962349,-0.4546046764456682,0.686129056662468,0.7610181203771484,1.0,"eta0(scale) and q**T cancel; CI is conservative marginal endpoint combination, not a paired-bootstrap ratio CI"
G6:135M:T20:mu0.9:corrected:H256:S5120,G6:135M:T20:mu0:mu0:H256:S5120,G6,135M,20,256,5120,0.9,nesterov_corrected,0.6445537718302462,-0.6336273745985801,0.6103603103998624,0.6641316668861456,1.0,"eta0(scale) and q**T cancel; CI is conservative marginal endpoint combination, not a paired-bootstrap ratio CI"
G6:135M:T20:mu0.9:raw:H512:S10240,G6:135M:T20:mu0:mu0:H512:S10240,G6,135M,20,512,10240,0.9,nesterov_raw,0.10384689238282543,-3.267470050692939,0.1015917817269803,0.10654420656946255,1.0,"eta0(scale) and q**T cancel; CI is conservative marginal endpoint combination, not a paired-bootstrap ratio CI"
G6:135M:T20:mu0.9:raw:H128:S2560,G6:135M:T20:mu0:mu0:H128:S2560,G6,135M,20,128,2560,0.9,nesterov_raw,0.13125083578873367,-2.9296014851796714,0.1269636818121614,0.13491071876641325,1.0,"eta0(scale) and q**T cancel; CI is conservative marginal endpoint combination, not a paired-bootstrap ratio CI"
G6:135M:T20:mu0.9:raw:H256:S5120,G6:135M:T20:mu0:mu0:H256:S5120,G6,135M,20,256,5120,0.9,nesterov_raw,0.11846706489893995,-3.077442064550649,0.11286755737340977,0.12153141894782224,1.0,"eta0(scale) and q**T cancel; CI is conservative marginal endpoint combination, not a paired-bootstrap ratio CI"
G8:135M:T2:mu0.8:corrected:H512:S1024,G8:135M:T2:mu0:mu0:H512:S1024,G8,135M,2,512,1024,0.8,nesterov_corrected,0.9442920783389919,-0.08269492725350983,0.921505953282359,0.9601794285754314,1.0,"eta0(scale) and q**T cancel; CI is conservative marginal endpoint combination, not a paired-bootstrap ratio CI"
G8:135M:T2:mu0.8:raw:H512:S1024,G8:135M:T2:mu0:mu0:H512:S1024,G8,135M,2,512,1024,0.8,nesterov_raw,0.9431435261475322,-0.08445076014276369,0.9120005346290837,0.9713475206091949,1.0,"eta0(scale) and q**T cancel; CI is conservative marginal endpoint combination, not a paired-bootstrap ratio CI"
G8:135M:T2:mu0.95:corrected:H512:S1024,G8:135M:T2:mu0:mu0:H512:S1024,G8,135M,2,512,1024,0.95,nesterov_corrected,0.9536161539834256,-0.06851942004116232,0.9258752396548318,0.9808644162418625,1.0,"eta0(scale) and q**T cancel; CI is conservative marginal endpoint combination, not a paired-bootstrap ratio CI"
G8:135M:T2:mu0.95:raw:H512:S1024,G8:135M:T2:mu0:mu0:H512:S1024,G8,135M,2,512,1024,0.95,nesterov_raw,2.80835314957009,1.4897243655207466,2.7451675199832763,2.880524971951881,1.0,"eta0(scale) and q**T cancel; CI is conservative marginal endpoint combination, not a paired-bootstrap ratio CI"
G8:135M:T5:mu0.8:corrected:H512:S2560,G8:135M:T5:mu0:mu0:H512:S2560,G8,135M,5,512,2560,0.8,nesterov_corrected,0.8627037235695959,-0.21306291198981508,0.8391794027989666,0.9018938159099514,1.0,"eta0(scale) and q**T cancel; CI is conservative marginal endpoint combination, not a paired-bootstrap ratio CI"
G8:135M:T5:mu0.8:raw:H512:S2560,G8:135M:T5:mu0:mu0:H512:S2560,G8,135M,5,512,2560,0.8,nesterov_raw,0.41164397486123167,-1.280530985042719,0.4012115265291739,0.43059233025236693,1.0,"eta0(scale) and q**T cancel; CI is conservative marginal endpoint combination, not a paired-bootstrap ratio CI"
G8:135M:T5:mu0.95:corrected:H512:S2560,G8:135M:T5:mu0:mu0:H512:S2560,G8,135M,5,512,2560,0.95,nesterov_corrected,0.8200604922350179,-0.2861977599998552,0.7943437186947271,0.8743303326192293,1.0,"eta0(scale) and q**T cancel; CI is conservative marginal endpoint combination, not a paired-bootstrap ratio CI"
G8:135M:T5:mu0.95:raw:H512:S2560,G8:135M:T5:mu0:mu0:H512:S2560,G8,135M,5,512,2560,0.95,nesterov_raw,0.8541242526678957,-0.22748213550009924,0.8301666409240984,0.8999504311753571,1.0,"eta0(scale) and q**T cancel; CI is conservative marginal endpoint combination, not a paired-bootstrap ratio CI"
G8:135M:T20:mu0.8:corrected:H512:S10240,G8:135M:T20:mu0:mu0:H512:S10240,G8,135M,20,512,10240,0.8,nesterov_corrected,0.5973075556014716,-0.7434541237191556,0.589537202561508,0.6028834603034657,1.0,"eta0(scale) and q**T cancel; CI is conservative marginal endpoint combination, not a paired-bootstrap ratio CI"
G8:135M:T20:mu0.8:raw:H512:S10240,G8:135M:T20:mu0:mu0:H512:S10240,G8,135M,20,512,10240,0.8,nesterov_raw,0.16378592438337608,-2.6101167165094843,0.16276654113262473,0.16522450559601157,1.0,"eta0(scale) and q**T cancel; CI is conservative marginal endpoint combination, not a paired-bootstrap ratio CI"
G8:135M:T20:mu0.95:corrected:H512:S10240,G8:135M:T20:mu0:mu0:H512:S10240,G8,135M,20,512,10240,0.95,nesterov_corrected,0.4114036435543342,-1.2813735238867128,0.40829712225744885,0.4147562906091573,1.0,"eta0(scale) and q**T cancel; CI is conservative marginal endpoint combination, not a paired-bootstrap ratio CI"
G8:135M:T20:mu0.95:raw:H512:S10240,G8:135M:T20:mu0:mu0:H512:S10240,G8,135M,20,512,10240,0.95,nesterov_raw,0.07879358825449666,-3.6657779531107546,0.07819891476050368,0.0798710921376048,1.0,"eta0(scale) and q**T cancel; CI is conservative marginal endpoint combination, not a paired-bootstrap ratio CI"
TP-pilot:135M:T10:mu0.9:raw:H512:S5120,TP-pilot:135M:T10:mu0:raw:H512:S5120,TP-pilot,135M,10,512,5120,0.9,nesterov_raw,0.2455211547605074,-2.0260807585217293,0.23712856870658428,0.25469494119925445,1.0,"eta0(scale) and q**T cancel; CI is conservative marginal endpoint combination, not a paired-bootstrap ratio CI"
TP-v1:135M:T5:mu0.9:raw:H512:S2560,TP-v1:135M:T5:mu0:raw:H512:S2560,TP-v1,135M,5,512,2560,0.9,nesterov_raw,0.5360255371418171,-0.8996263601926917,0.5085513327373337,0.5570196798928381,1.0,"eta0(scale) and q**T cancel; CI is conservative marginal endpoint combination, not a paired-bootstrap ratio CI"
TP-v1:135M:T10:mu0.5:raw:H256:S2560,TP-v1:135M:T10:mu0:raw:H256:S2560,TP-v1,135M,10,256,2560,0.5,nesterov_raw,0.5422594513574435,-0.8829448011941786,0.4578996589876118,0.5686402657933601,1.0,"eta0(scale) and q**T cancel; CI is conservative marginal endpoint combination, not a paired-bootstrap ratio CI"
TP-v1:135M:T160:mu0.5:raw:H16:S2560,TP-v1:135M:T160:mu0:raw:H16:S2560,TP-v1,135M,160,16,2560,0.5,nesterov_raw,0.5017830676477112,-0.9948643061507002,0.48418177929623274,0.5214899924971931,1.0,"eta0(scale) and q**T cancel; CI is conservative marginal endpoint combination, not a paired-bootstrap ratio CI"
TP-v1:135M:T160:mu0.9:raw:H16:S2560,TP-v1:135M:T160:mu0:raw:H16:S2560,TP-v1,135M,160,16,2560,0.9,nesterov_raw,0.10265793168895548,-3.284082995777444,0.09941272333128276,0.10638198481006257,1.0,"eta0(scale) and q**T cancel; CI is conservative marginal endpoint combination, not a paired-bootstrap ratio CI"
TP-v2:135M:T5:mu0.9:raw:H512:S2560,TP-v2:135M:T5:mu0:raw:H512:S2560,TP-v2,135M,5,512,2560,0.9,nesterov_raw,0.5210311737329875,-0.9405584021445416,0.4858298956783455,0.559127917459763,1.0,"eta0(scale) and q**T cancel; CI is conservative marginal endpoint combination, not a paired-bootstrap ratio CI"
TP-v2:135M:T40:mu0.9:raw:H64:S2560,TP-v2:135M:T40:mu0:raw:H64:S2560,TP-v2,135M,40,64,2560,0.9,nesterov_raw,0.10098874698331493,-3.3077335501858856,0.0930922405682035,0.12085284809218078,1.0,"eta0(scale) and q**T cancel; CI is conservative marginal endpoint combination, not a paired-bootstrap ratio CI"
TP-v2:135M:T160:mu0.9:raw:H16:S2560,TP-v2:135M:T160:mu0:raw:H16:S2560,TP-v2,135M,160,16,2560,0.9,nesterov_raw,0.10363947817986667,-3.270354438143381,0.10205306156077286,0.10494448955139789,1.0,"eta0(scale) and q**T cancel; CI is conservative marginal endpoint combination, not a paired-bootstrap ratio CI"
TP-v3:135M:T2:mu0.9:corrected:H512:S1024,TP-v3:135M:T2:mu0:corrected:H512:S1024,TP-v3,135M,2,512,1024,0.9,nesterov_corrected,0.9552656777062855,-0.06602606477146274,0.916044637162021,0.9918881577989309,1.0,"eta0(scale) and q**T cancel; CI is conservative marginal endpoint combination, not a paired-bootstrap ratio CI"
TP-v3:135M:T2:mu0.9:raw:H512:S1024,TP-v3:135M:T2:mu0:corrected:H512:S1024,TP-v3,135M,2,512,1024,0.9,nesterov_raw,1.5378090542668073,0.6208763787456142,1.4659697898500814,1.6142850630290795,1.0,"eta0(scale) and q**T cancel; CI is conservative marginal endpoint combination, not a paired-bootstrap ratio CI"
TP-v3:135M:T5:mu0.9:corrected:H512:S2560,TP-v3:135M:T5:mu0:corrected:H512:S2560,TP-v3,135M,5,512,2560,0.9,nesterov_corrected,0.8615170030530572,-0.21504882486980556,0.8387969851519583,0.8852985338512701,1.0,"eta0(scale) and q**T cancel; CI is conservative marginal endpoint combination, not a paired-bootstrap ratio CI"
TP-v3:135M:T5:mu0.9:raw:H512:S2560,TP-v3:135M:T5:mu0:corrected:H512:S2560,TP-v3,135M,5,512,2560,0.9,nesterov_raw,0.5478118490686922,-0.8682476232804283,0.5311021791527584,0.5683978774130192,1.0,"eta0(scale) and q**T cancel; CI is conservative marginal endpoint combination, not a paired-bootstrap ratio CI"
TP-v3:135M:T10:mu0.9:corrected:H512:S5120,TP-v3:135M:T10:mu0:corrected:H512:S5120,TP-v3,135M,10,512,5120,0.9,nesterov_corrected,0.7480014393108988,-0.4188870487253886,0.7264348625402351,0.7689918729361823,1.0,"eta0(scale) and q**T cancel; CI is conservative marginal endpoint combination, not a paired-bootstrap ratio CI"
TP-v3:135M:T10:mu0.9:raw:H512:S5120,TP-v3:135M:T10:mu0:corrected:H512:S5120,TP-v3,135M,10,512,5120,0.9,nesterov_raw,0.23147205141627164,-2.111090085925821,0.22614810635662644,0.2375851048039936,1.0,"eta0(scale) and q**T cancel; CI is conservative marginal endpoint combination, not a paired-bootstrap ratio CI"
TP-v3:135M:T20:mu0.9:corrected:H512:S10240,TP-v3:135M:T20:mu0:corrected:H512:S10240,TP-v3,135M,20,512,10240,0.9,nesterov_corrected,0.5306260061050936,-0.9142327107654732,0.5156184764863657,0.5584826793970101,1.0,"eta0(scale) and q**T cancel; CI is conservative marginal endpoint combination, not a paired-bootstrap ratio CI"
TP-v3:135M:T20:mu0.9:raw:H512:S10240,TP-v3:135M:T20:mu0:corrected:H512:S10240,TP-v3,135M,20,512,10240,0.9,nesterov_raw,0.11114616199505725,-3.169469963583165,0.10898303067565045,0.11339995963989952,1.0,"eta0(scale) and q**T cancel; CI is conservative marginal endpoint combination, not a paired-bootstrap ratio CI"
G4C:1.7B:T5:mu0.9:raw:H512:S2560,G4C:1.7B:T5:mu0:mu0:H512:S2560,G4C,1.7B,5,512,2560,0.9,nesterov_raw,0.3716961567228144,-1.427804323840239,0.33790191595245084,0.4151216086357655,1.0,"eta0(scale) and q**T cancel; CI is conservative marginal endpoint combination, not a paired-bootstrap ratio CI"
G4C:1.7B:T20:mu0.9:raw:H512:S10240,G4C:1.7B:T20:mu0:mu0:H512:S10240,G4C,1.7B,20,512,10240,0.9,nesterov_raw,0.1438043627492145,-2.7978206498390827,0.12942927318903763,0.16581214651060897,1.0,"eta0(scale) and q**T cancel; CI is conservative marginal endpoint combination, not a paired-bootstrap ratio CI"
G9B:7B:T5:mu0.9:raw:H512:S2560,G9B:7B:T5:mu0:mu0:H512:S2560,G9B,7B,5,512,2560,0.9,nesterov_raw,0.5648742198175666,-0.823998435584321,0.5648742198175666,0.5648742198175666,1.0,"eta0(scale) and q**T cancel; CI is conservative marginal endpoint combination, not a paired-bootstrap ratio CI"
