point_id,campaign,source_family,scale,parameters,T,H,S,mu,arm,convention,M,law_factor_1_minus_mu_times_M,eta_star,eta_ci_low,eta_ci_high,se_log_eta,fit_status,n_seeds,bootstrap_replicates,bootstrap_invalid,noise_eligible,exploratory,dependence_group,source_file,source_sha256,ci_method,note,eta0_hat_primary,q_hat_primary,eta_pred_primary,normalized_rate,normalized_ci_low,normalized_ci_high,fitted_curve_q_to_T,residual_log,residual_bits,residual_ci_low_bits,residual_ci_high_bits,ci_covers_primary_prediction,standardized_residual_primary
DISAMBIG:135M:T5:mu0:mu0:H2048:S10240,DISAMBIG,fixed_T5_disambiguation,135M,135000000,5,2048,10240,0.0,mu0,mu0,1.0,1.0,0.051691,0.0514319,0.0519336,0.0024764171937453625,INTERIOR,3,1000,0,True,True,disambig:H2048:S10240:mu0,disambiguation_source.md,4be85f66125472fca267f284912442d5bf4ce6e25dbaae9dbca8f381e4af4835,"source-reported paired training-seed bootstrap, equal-tailed 95%",Exploratory fixed-T=5 outer-horizon disambiguation lane.,0.031350405899186334,0.9875756970034051,0.029450667182081548,1.648814377913416,1.6405497321275468,1.6565527147241141,0.9394030583459176,0.5625671205419831,0.8116127949731028,0.8043631332261649,0.8183679179142183,False,227.16976847150298
DISAMBIG:135M:T5:mu0:mu0:H1024:S5120,DISAMBIG,fixed_T5_disambiguation,135M,135000000,5,1024,5120,0.0,mu0,mu0,1.0,1.0,0.0443859,0.0431009,0.0458699,0.015884284216828783,INTERIOR,3,1000,0,True,True,disambig:H1024:S5120:mu0,disambiguation_source.md,4be85f66125472fca267f284912442d5bf4ce6e25dbaae9dbca8f381e4af4835,"source-reported paired training-seed bootstrap, equal-tailed 95%",Exploratory fixed-T=5 outer-horizon disambiguation lane.,0.031350405899186334,0.9875756970034051,0.029450667182081548,1.4157998509726468,1.3748115459365913,1.4631357612244025,0.9394030583459176,0.4102052868547612,0.5918011330917987,0.5494176773163539,0.6392474446683112,False,25.82460004210732
DISAMBIG:135M:T5:mu0.9:corrected:H2048:S10240,DISAMBIG,fixed_T5_disambiguation,135M,135000000,5,2048,10240,0.9,corrected,nesterov_corrected,1.0,0.09999999999999998,0.00386349,0.00382885,0.0038926,0.00421253093118766,INTERIOR,3,1000,0,True,True,disambig:H2048:S10240:corrected,disambiguation_source.md,4be85f66125472fca267f284912442d5bf4ce6e25dbaae9dbca8f381e4af4835,"source-reported paired training-seed bootstrap, equal-tailed 95%",Exploratory fixed-T=5 outer-horizon disambiguation lane.,0.031350405899186334,0.9875756970034051,0.002945066718208154,1.23235724999027,1.2213079512630407,1.241642616212835,0.9394030583459176,0.27143944847495893,0.39160434621645857,0.378610824341827,0.4024337847186373,False,64.43619118980111
DISAMBIG:135M:T5:mu0.9:corrected:H1024:S5120,DISAMBIG,fixed_T5_disambiguation,135M,135000000,5,1024,5120,0.9,corrected,nesterov_corrected,1.0,0.09999999999999998,0.00359466,0.00353272,0.00366846,0.00961850403735273,INTERIOR,3,1000,0,True,True,disambig:H1024:S5120:corrected,disambiguation_source.md,4be85f66125472fca267f284912442d5bf4ce6e25dbaae9dbca8f381e4af4835,"source-reported paired training-seed bootstrap, equal-tailed 95%",Exploratory fixed-T=5 outer-horizon disambiguation lane.,0.031350405899186334,0.9875756970034051,0.002945066718208154,1.1466071640537503,1.1268498441009622,1.1701475291250414,0.9394030583459176,0.19931793931416886,0.28755500260875877,0.262479089568146,0.3168742368819834,False,20.722342948563806
DISAMBIG:135M:T5:mu0.9:raw:H2048:S10240,DISAMBIG,fixed_T5_disambiguation,135M,135000000,5,2048,10240,0.9,raw,nesterov_raw,4.68559,0.46855899999999995,0.0122755,0.0121686,0.0124528,0.005889555624258047,INTERIOR,3,1000,0,True,True,disambig:H2048:S10240:raw,disambiguation_source.md,4be85f66125472fca267f284912442d5bf4ce6e25dbaae9dbca8f381e4af4835,"source-reported paired training-seed bootstrap, equal-tailed 95%",Exploratory fixed-T=5 outer-horizon disambiguation lane.,0.031350405899186334,0.9875756970034051,0.013799375164168947,0.8356640866369108,0.8283867870677295,0.8477339202535232,0.9394030583459176,-0.11701790713074312,-0.16882115431272837,-0.1814397480080761,-0.14813277588949633,False,-19.868715841440885
DISAMBIG:135M:T5:mu0.9:raw:H1024:S5120,DISAMBIG,fixed_T5_disambiguation,135M,135000000,5,1024,5120,0.9,raw,nesterov_raw,4.68559,0.46855899999999995,0.0113326,0.0109724,0.0116429,0.01513127888797528,INTERIOR,3,1000,0,True,True,disambig:H1024:S5120:raw,disambiguation_source.md,4be85f66125472fca267f284912442d5bf4ce6e25dbaae9dbca8f381e4af4835,"source-reported paired training-seed bootstrap, equal-tailed 95%",Exploratory fixed-T=5 outer-horizon disambiguation lane.,0.031350405899186334,0.9875756970034051,0.013799375164168947,0.7714754452544871,0.746954553722035,0.7925993559777516,0.9394030583459176,-0.19693978520712685,-0.28412405147205955,-0.3307238213805099,-0.24515249542775794,False,-13.015409118103923
G12:135M:T2:mu0:mu0:H1280:S2560,G12,heavy_ball_scan,135M,135000000,2,1280,2560,0.0,mu0,mu0,1.0,1.0,0.06849261837524628,0.06608785115149565,0.07220853557191793,0.022595651207680985,INTERIOR,3,10000,0,True,False,G12:T2:mu0,g12-readout.json,0162dbdd2a78492c0b167e2dd516396ab7ea0d1bcb34ac0293abf6abdfc67ae5,"recomputed paired 3-seed strict-interior bootstrap, equal-tailed 95%",Heavy-ball terminal multiplier uses geometric prefix through T-1.,0.031350405899186334,0.9875756970034051,0.03057623136753704,2.1847442293250796,2.1080381339882712,2.303272748816054,0.9753057573117614,0.806503024081457,1.1635379133042703,1.111974487038821,1.2397587839857054,False,35.692842692106204
G12:135M:T2:mu0.9:heavy_ball:H1280:S2560,G12,heavy_ball_scan,135M,135000000,2,1280,2560,0.9,heavy_ball,heavy_ball,1.9,0.18999999999999995,0.04303329802820464,0.040622667059475405,0.04520200085280974,0.027249260849540678,INTERIOR,3,10000,0,True,False,G12:T2:heavy_ball,g12-readout.json,0162dbdd2a78492c0b167e2dd516396ab7ea0d1bcb34ac0293abf6abdfc67ae5,"recomputed paired 3-seed strict-interior bootstrap, equal-tailed 95%",Heavy-ball terminal multiplier uses geometric prefix through T-1.,0.031350405899186334,0.9875756970034051,0.005809483959832037,7.224501111151069,6.819800404717992,7.588586521380308,0.9753057573117614,2.0024824411574915,2.8889714873251386,2.8058030382355805,2.959904710631601,False,73.48758750611196
G12:135M:T5:mu0:mu0:H512:S2560,G12,heavy_ball_scan,135M,135000000,5,512,2560,0.0,mu0,mu0,1.0,1.0,0.043257126064937514,0.04226234348760973,0.04469213749224389,0.014260753481564296,INTERIOR,3,10000,0,True,False,G12:T5:mu0,g12-readout.json,0162dbdd2a78492c0b167e2dd516396ab7ea0d1bcb34ac0293abf6abdfc67ae5,"recomputed paired 3-seed strict-interior bootstrap, equal-tailed 95%",Heavy-ball terminal multiplier uses geometric prefix through T-1.,0.031350405899186334,0.9875756970034051,0.029450667182081548,1.3797947689749115,1.3480636781390638,1.4255680655606384,0.9394030583459176,0.38444541973234125,0.5546375005403248,0.5210724507530606,0.6017207286373939,False,26.95828240978544
G12:135M:T5:mu0.9:heavy_ball:H512:S2560,G12,heavy_ball_scan,135M,135000000,5,512,2560,0.9,heavy_ball,heavy_ball,4.0951,0.40950999999999993,0.01283248294001425,0.012414382476510175,0.0132213045294692,0.016065047857515155,INTERIOR,3,10000,0,True,False,G12:T5:heavy_ball,g12-readout.json,0162dbdd2a78492c0b167e2dd516396ab7ea0d1bcb34ac0293abf6abdfc67ae5,"recomputed paired 3-seed strict-interior bootstrap, equal-tailed 95%",Heavy-ball terminal multiplier uses geometric prefix through T-1.,0.031350405899186334,0.9875756970034051,0.012060342717734212,0.9995465304891404,0.966979889282997,1.0298325844457832,0.9394030583459176,0.062057077397736915,0.08952943781377763,0.04174159515428477,0.13259362800885371,False,3.8628629026278873
G12:135M:T20:mu0:mu0:H128:S2560,G12,heavy_ball_scan,135M,135000000,20,128,2560,0.0,mu0,mu0,1.0,1.0,0.022606268939187973,0.022545236495676264,0.022721207548071113,0.00198343945798664,INTERIOR,3,10000,0,True,False,G12:T20:mu0,g12-readout.json,0162dbdd2a78492c0b167e2dd516396ab7ea0d1bcb34ac0293abf6abdfc67ae5,"recomputed paired 3-seed strict-interior bootstrap, equal-tailed 95%",Heavy-ball terminal multiplier uses geometric prefix through T-1.,0.031350405899186334,0.9875756970034051,0.02441468060007866,0.7210837719895261,0.7191369887897178,0.7247500278349129,0.778767607621702,-0.07695736080622861,-0.1110260027950487,-0.11492626066541807,-0.10370939356360276,False,-38.799954541767
G12:135M:T20:mu0.9:heavy_ball:H128:S2560,G12,heavy_ball_scan,135M,135000000,20,128,2560,0.9,heavy_ball,heavy_ball,8.78423345409431,0.8784233454094307,0.0026091792507678757,0.0025766456289942653,0.0026310640846608628,0.005331717889600431,INTERIOR,3,10000,0,True,False,G12:T20:heavy_ball,g12-readout.json,0162dbdd2a78492c0b167e2dd516396ab7ea0d1bcb34ac0293abf6abdfc67ae5,"recomputed paired 3-seed strict-interior bootstrap, equal-tailed 95%",Heavy-ball terminal multiplier uses geometric prefix through T-1.,0.031350405899186334,0.9875756970034051,0.021446425409823826,0.09474512624588366,0.09356375777483308,0.09553981344472254,0.778767607621702,-2.106522275352796,-3.0390692401736144,-3.0571711667378607,-3.027018912404509,False,-395.0925984777981
G5B:135M:T5:mu0:snoo-a:H512:S2560,G5B,SNOO_final_combined,135M,135000000,5,512,2560,0.0,snoo-a,mu0,1.0,1.0,0.018645608767394403,0.018202078282029698,0.019100431787441155,0.012289808120363014,INTERIOR,5,10000,0,True,False,G5B:shared-mu0:a-c,g5b-readout.json,4552330266cf1ab6b59c6e658117872732e6990c65f9ac7b73168db41ca1a446,"source-reported final combined paired 5-seed bootstrap, equal-tailed 95%",Final combined G5B estimator supersedes earlier SNOO analyses.,0.031350405899186334,0.9875756970034051,0.029450667182081548,0.594748560109658,0.580601040399994,0.6092562835984489,0.9394030583459176,-0.45710590104600746,-0.6594644166001562,-0.6941971332959177,-0.6246950651395972,False,-37.19390055314432
G5B:135M:T5:mu0:snoo-c:H512:S2560,G5B,SNOO_final_combined,135M,135000000,5,512,2560,0.0,snoo-c,mu0,1.0,1.0,0.018770470732042282,0.01833400270663485,0.019179805593820966,0.011505447730367777,INTERIOR,5,10000,0,True,False,G5B:shared-mu0:a-c,g5b-readout.json,4552330266cf1ab6b59c6e658117872732e6990c65f9ac7b73168db41ca1a446,"source-reported final combined paired 5-seed bootstrap, equal-tailed 95%",Final combined G5B estimator supersedes earlier SNOO analyses.,0.031350405899186334,0.9875756970034051,0.029450667182081548,0.598731346330972,0.5848091015341746,0.6117881106706423,0.9394030583459176,-0.4504316353386133,-0.6498354865625234,-0.6837785259818567,-0.6187122202679326,False,-39.14942259480545
G5B:135M:T5:mu0.9:snoo-b:H512:S2560,G5B,SNOO_final_combined,135M,135000000,5,512,2560,0.9,snoo-b,nesterov_raw,4.68559,0.46855899999999995,0.004047690314361747,0.003981847915832276,0.004134330551761784,0.009586759160010717,INTERIOR,5,10000,0,True,False,G5B:b,g5b-readout.json,4552330266cf1ab6b59c6e658117872732e6990c65f9ac7b73168db41ca1a446,"source-reported final combined paired 5-seed bootstrap, equal-tailed 95%",Final combined G5B estimator supersedes earlier SNOO analyses.,0.031350405899186334,0.9875756970034051,0.013799375164168947,0.2755496256397035,0.2710673538113369,0.28144772631608383,0.9394030583459176,-1.2264768874898109,-1.7694321233464814,-1.793092918841082,-1.7388772970826507,False,-127.93446325488371
G6:135M:T2:mu0:mu0:H5120:S10240,G6,factorial_T_by_S,135M,135000000,2,5120,10240,0.0,mu0,mu0,1.0,1.0,0.08489870538361341,0.08344987883443121,0.08575443548656166,0.006949518603734899,INTERIOR,3,10000,0,True,False,G6:T2:S10240:mu0,g6-readout.json,7e7e9cd8901520cc8f0ca822151af92c4c6183ee99bf02199bc1452a2763af8c,"recomputed paired 3-seed strict-interior bootstrap, equal-tailed 95%",,0.031350405899186334,0.9875756970034051,0.03057623136753704,2.7080576135640038,2.6618436489397115,2.7353532762007178,0.9753057573117614,1.0212358900455634,1.473331954146561,1.4484993546490872,1.4878006936870913,False,146.9505944622866
G6:135M:T2:mu0:mu0:H1280:S2560,G6,factorial_T_by_S,135M,135000000,2,1280,2560,0.0,mu0,mu0,1.0,1.0,0.07106462666975855,0.07051888743719907,0.07170928856181248,0.004270411620674009,INTERIOR,3,10000,0,True,False,G6:T2:S2560:mu0,g6-readout.json,7e7e9cd8901520cc8f0ca822151af92c4c6183ee99bf02199bc1452a2763af8c,"recomputed paired 3-seed strict-interior bootstrap, equal-tailed 95%",,0.031350405899186334,0.9875756970034051,0.03057623136753704,2.266784898998802,2.2493771743806774,2.287348010498123,0.9753057573117614,0.8433667433793932,1.2167210183241257,1.2055991135076758,1.2297494042696486,False,197.4907381987413
G6:135M:T2:mu0:mu0:H2560:S5120,G6,factorial_T_by_S,135M,135000000,2,2560,5120,0.0,mu0,mu0,1.0,1.0,0.07379246262305397,0.07204144413144817,0.07477315731067988,0.00949440781422038,INTERIOR,3,10000,0,True,False,G6:T2:S5120:mu0,g6-readout.json,7e7e9cd8901520cc8f0ca822151af92c4c6183ee99bf02199bc1452a2763af8c,"recomputed paired 3-seed strict-interior bootstrap, equal-tailed 95%",,0.031350405899186334,0.9875756970034051,0.03057623136753704,2.3537960835450993,2.2979429473134165,2.3850778057269277,0.9753057573117614,0.8810336394768217,1.2710628625295655,1.236416501361433,1.290109852188814,False,92.7950069889816
G6:135M:T2:mu0.9:corrected:H5120:S10240,G6,factorial_T_by_S,135M,135000000,2,5120,10240,0.9,corrected,nesterov_corrected,1.0,0.09999999999999998,0.008113456016830166,0.00799713856254901,0.008262866226721257,0.008338859896852407,INTERIOR,3,10000,0,True,False,G6:T2:S10240:corrected,g6-readout.json,7e7e9cd8901520cc8f0ca822151af92c4c6183ee99bf02199bc1452a2763af8c,"recomputed paired 3-seed strict-interior bootstrap, equal-tailed 95%",,0.031350405899186334,0.9875756970034051,0.0030576231367537036,2.587990740190303,2.550888364337436,2.63564888227993,0.9753057573117614,0.9758860585560307,1.4079059771514622,1.387073284779725,1.4342317109504927,False,117.02871503146245
G6:135M:T2:mu0.9:corrected:H1280:S2560,G6,factorial_T_by_S,135M,135000000,2,1280,2560,0.9,corrected,nesterov_corrected,1.0,0.09999999999999998,0.006631863119280814,0.006599376919023575,0.0066558708620377246,0.002174545882864066,INTERIOR,3,10000,0,True,False,G6:T2:S2560:corrected,g6-readout.json,7e7e9cd8901520cc8f0ca822151af92c4c6183ee99bf02199bc1452a2763af8c,"recomputed paired 3-seed strict-interior bootstrap, equal-tailed 95%",,0.031350405899186334,0.9875756970034051,0.0030576231367537036,2.1153994435054315,2.1050371533450725,2.12305731652759,0.9753057573117614,0.7742479167463299,1.117003629908541,1.1099192184624493,1.122216842207237,False,356.05039325570726
G6:135M:T2:mu0.9:corrected:H2560:S5120,G6,factorial_T_by_S,135M,135000000,2,2560,5120,0.9,corrected,nesterov_corrected,1.0,0.09999999999999998,0.0068049521177493254,0.0065799169415747295,0.006971038603265266,0.014730398681269893,INTERIOR,3,10000,0,True,False,G6:T2:S5120:corrected,g6-readout.json,7e7e9cd8901520cc8f0ca822151af92c4c6183ee99bf02199bc1452a2763af8c,"recomputed paired 3-seed strict-interior bootstrap, equal-tailed 95%",,0.031350405899186334,0.9875756970034051,0.0030576231367537036,2.170610530412923,2.0988299043826752,2.2235879897957536,0.9753057573117614,0.8000127383042579,1.154174410199553,1.1056587726963354,1.188963016594097,False,54.31032490121914
G6:135M:T2:mu0.9:raw:H5120:S10240,G6,factorial_T_by_S,135M,135000000,2,5120,10240,0.9,raw,nesterov_raw,2.7099999999999995,0.2709999999999999,0.034286284427661365,0.03379592452230186,0.03534299579366969,0.01141858098281656,INTERIOR,3,10000,0,True,False,G6:T2:S10240:raw,g6-readout.json,7e7e9cd8901520cc8f0ca822151af92c4c6183ee99bf02199bc1452a2763af8c,"recomputed paired 3-seed strict-interior bootstrap, equal-tailed 95%",,0.031350405899186334,0.9875756970034051,0.008286158700602536,4.0355986178125125,3.9778817847017494,4.159976718247609,0.9753057573117614,1.4201589069561895,2.0488562123399854,2.0280739243400707,2.0926489759555014,False,124.37262643172029
G6:135M:T2:mu0.9:raw:H1280:S2560,G6,factorial_T_by_S,135M,135000000,2,1280,2560,0.9,raw,nesterov_raw,2.7099999999999995,0.2709999999999999,0.02950787496984494,0.02895522954198435,0.029885921206762065,0.008070729594250635,INTERIOR,3,10000,0,True,False,G6:T2:S2560:raw,g6-readout.json,7e7e9cd8901520cc8f0ca822151af92c4c6183ee99bf02199bc1452a2763af8c,"recomputed paired 3-seed strict-interior bootstrap, equal-tailed 95%",,0.031350405899186334,0.9875756970034051,0.008286158700602536,3.473165477995574,3.408117451881222,3.5176626551216295,0.9753057573117614,1.2700706795194496,1.832324670921186,1.805048576906064,1.8506906563296988,False,157.36751735855614
G6:135M:T2:mu0.9:raw:H2560:S5120,G6,factorial_T_by_S,135M,135000000,2,2560,5120,0.9,raw,nesterov_raw,2.7099999999999995,0.2709999999999999,0.02994889190010857,0.02914714889866416,0.030547964331387272,0.011974952012801795,INTERIOR,3,10000,0,True,False,G6:T2:S5120:raw,g6-readout.json,7e7e9cd8901520cc8f0ca822151af92c4c6183ee99bf02199bc1452a2763af8c,"recomputed paired 3-seed strict-interior bootstrap, equal-tailed 95%",,0.031350405899186334,0.9875756970034051,0.008286158700602536,3.5250744947908714,3.4307069363785176,3.595587118599342,0.9753057573117614,1.284905829217729,1.853727267821739,1.814579412598245,1.8823008874016964,False,107.29945538354586
G6:135M:T5:mu0:mu0:H2048:S10240,G6,factorial_T_by_S,135M,135000000,5,2048,10240,0.0,mu0,mu0,1.0,1.0,0.052216102604854146,0.05150383435387472,0.052635802361595624,0.00554609249623639,INTERIOR,3,10000,0,True,False,G6:T5:S10240:mu0,g6-readout.json,7e7e9cd8901520cc8f0ca822151af92c4c6183ee99bf02199bc1452a2763af8c,"recomputed paired 3-seed strict-interior bootstrap, equal-tailed 95%",,0.031350405899186334,0.9875756970034051,0.029450667182081548,1.6655638454176875,1.6428442591619346,1.6789512241358804,0.9394030583459176,0.5726743617583248,0.8261944617529874,0.8063795243880861,0.8377441229969125,False,103.25726845467233
G6:135M:T5:mu0:mu0:H512:S2560,G6,factorial_T_by_S,135M,135000000,5,512,2560,0.0,mu0,mu0,1.0,1.0,0.04341918114042938,0.04293053058407154,0.04426942635304434,0.007834594804216471,INTERIOR,3,10000,0,True,False,G6:T5:S2560:mu0,g6-readout.json,7e7e9cd8901520cc8f0ca822151af92c4c6183ee99bf02199bc1452a2763af8c,"recomputed paired 3-seed strict-interior bootstrap, equal-tailed 95%",,0.031350405899186334,0.9875756970034051,0.029450667182081548,1.3849639229569362,1.3693771851670271,1.4120846312293935,0.9394030583459176,0.3881847406504799,0.5600322002852158,0.5437036857875942,0.5880103614270282,False,49.547519731532795
G6:135M:T5:mu0:mu0:H1024:S5120,G6,factorial_T_by_S,135M,135000000,5,1024,5120,0.0,mu0,mu0,1.0,1.0,0.04554074859538401,0.044761206310149,0.046042572234033005,0.007200289993886238,INTERIOR,3,10000,0,True,False,G6:T5:S5120:mu0,g6-readout.json,7e7e9cd8901520cc8f0ca822151af92c4c6183ee99bf02199bc1452a2763af8c,"recomputed paired 3-seed strict-interior bootstrap, equal-tailed 95%",,0.031350405899186334,0.9875756970034051,0.029450667182081548,1.452636649803822,1.4277711891223306,1.4686435761658827,0.9394030583459176,0.4358909341145383,0.6288576890155023,0.6039485997630113,0.644668116373786,False,60.53796923244105
G6:135M:T5:mu0.9:corrected:H2048:S10240,G6,factorial_T_by_S,135M,135000000,5,2048,10240,0.9,corrected,nesterov_corrected,1.0,0.09999999999999998,0.0038006851986269246,0.003734458120718887,0.003847154612449241,0.0075846002783800485,INTERIOR,3,10000,0,True,False,G6:T5:S10240:corrected,g6-readout.json,7e7e9cd8901520cc8f0ca822151af92c4c6183ee99bf02199bc1452a2763af8c,"recomputed paired 3-seed strict-interior bootstrap, equal-tailed 95%",,0.031350405899186334,0.9875756970034051,0.002945066718208154,1.212324079901488,1.1911992886879375,1.2271466675170195,0.9394030583459176,0.2550498943190589,0.3679592177133605,0.3425986019499692,0.3854914933868175,False,33.62733498904092
G6:135M:T5:mu0.9:corrected:H512:S2560,G6,factorial_T_by_S,135M,135000000,5,512,2560,0.9,corrected,nesterov_corrected,1.0,0.09999999999999998,0.00360624409974473,0.0035323889459472646,0.0036620544057580874,0.009196573506845147,INTERIOR,3,10000,0,True,False,G6:T5:S2560:corrected,g6-readout.json,7e7e9cd8901520cc8f0ca822151af92c4c6183ee99bf02199bc1452a2763af8c,"recomputed paired 3-seed strict-interior bootstrap, equal-tailed 95%",,0.031350405899186334,0.9875756970034051,0.002945066718208154,1.1503022038506772,1.126744246089313,1.1681043038275727,0.9394030583459176,0.2025353435670758,0.2921967357689627,0.26234388711220336,0.3143529073033569,False,22.022913579315787
G6:135M:T5:mu0.9:corrected:H1024:S5120,G6,factorial_T_by_S,135M,135000000,5,1024,5120,0.9,corrected,nesterov_corrected,1.0,0.09999999999999998,0.003612407460497157,0.003588520510931906,0.0036568052674325045,0.0048087324614915885,INTERIOR,3,10000,0,True,False,G6:T5:S5120:corrected,g6-readout.json,7e7e9cd8901520cc8f0ca822151af92c4c6183ee99bf02199bc1452a2763af8c,"recomputed paired 3-seed strict-interior bootstrap, equal-tailed 95%",,0.031350405899186334,0.9875756970034051,0.002945066718208154,1.1522681626877802,1.1446488196904154,1.1664299592138339,0.9394030583459176,0.2042429650525217,0.2946603128177309,0.2850888491895363,0.3122834846151574,False,42.473347537652145
G6:135M:T5:mu0.9:raw:H2048:S10240,G6,factorial_T_by_S,135M,135000000,5,2048,10240,0.9,raw,nesterov_raw,4.68559,0.46855899999999995,0.012201557101024706,0.011985195097202509,0.012393094018328853,0.008537717407504416,INTERIOR,3,10000,0,True,False,G6:T5:S10240:raw,g6-readout.json,7e7e9cd8901520cc8f0ca822151af92c4c6183ee99bf02199bc1452a2763af8c,"recomputed paired 3-seed strict-interior bootstrap, equal-tailed 95%",,0.031350405899186334,0.9875756970034051,0.013799375164168947,0.8306303670217853,0.815901357506327,0.843669389713832,0.9394030583459176,-0.12305973835273809,-0.17753767425458863,-0.2033495496054966,-0.15506653238144447,False,-14.41365794615924
G6:135M:T5:mu0.9:raw:H512:S2560,G6,factorial_T_by_S,135M,135000000,5,512,2560,0.9,raw,nesterov_raw,4.68559,0.46855899999999995,0.011091352441066878,0.0109043550236333,0.011237858680584927,0.007685361776501862,INTERIOR,3,10000,0,True,False,G6:T5:S2560:raw,g6-readout.json,7e7e9cd8901520cc8f0ca822151af92c4c6183ee99bf02199bc1452a2763af8c,"recomputed paired 3-seed strict-interior bootstrap, equal-tailed 95%",,0.031350405899186334,0.9875756970034051,0.013799375164168947,0.7550523324697344,0.7423223397164378,0.765025857200577,0.9394030583459176,-0.21845756784881543,-0.31516764978015027,-0.33969850399973317,-0.29623578002836404,False,-28.425150851942135
G6:135M:T5:mu0.9:raw:H1024:S5120,G6,factorial_T_by_S,135M,135000000,5,1024,5120,0.9,raw,nesterov_raw,4.68559,0.46855899999999995,0.011137136401052024,0.010944810608450433,0.011299738362800824,0.00814151307771208,INTERIOR,3,10000,0,True,False,G6:T5:S5120:raw,g6-readout.json,7e7e9cd8901520cc8f0ca822151af92c4c6183ee99bf02199bc1452a2763af8c,"recomputed paired 3-seed strict-interior bootstrap, equal-tailed 95%",,0.031350405899186334,0.9875756970034051,0.013799375164168947,0.7581691106949479,0.7450763847113929,0.7692383640736438,0.9394030583459176,-0.2143381672854745,-0.30922461101598314,-0.3343559532338284,-0.288313574762097,False,-26.32657655150603
G6:135M:T10:mu0:mu0:H1024:S10240,G6,factorial_T_by_S,135M,135000000,10,1024,10240,0.0,mu0,mu0,1.0,1.0,0.038339012003775735,0.03800321251960006,0.03887104377454951,0.005760029648246901,INTERIOR,3,10000,0,True,False,G6:T10:S10240:mu0,g6-readout.json,7e7e9cd8901520cc8f0ca822151af92c4c6183ee99bf02199bc1452a2763af8c,"recomputed paired 3-seed strict-interior bootstrap, equal-tailed 95%",,0.031350405899186334,0.9875756970034051,0.027666046821175162,1.222919158592801,1.2122079899637406,1.2398896492615543,0.8824781060296635,0.32626205312893664,0.4706966460793684,0.45800486566575366,0.4905793346301282,False,56.642426003525244
G6:135M:T10:mu0:mu0:H256:S2560,G6,factorial_T_by_S,135M,135000000,10,256,2560,0.0,mu0,mu0,1.0,1.0,0.030567321107098974,0.03022478747002306,0.030779077647418038,0.004636002817839634,INTERIOR,3,10000,0,True,False,G6:T10:S2560:mu0,g6-readout.json,7e7e9cd8901520cc8f0ca822151af92c4c6183ee99bf02199bc1452a2763af8c,"recomputed paired 3-seed strict-interior bootstrap, equal-tailed 95%",,0.031350405899186334,0.9875756970034051,0.027666046821175162,0.9750215421578422,0.9640955707947473,0.9817760492924551,0.8824781060296635,0.09972558580647028,0.1438736080927415,0.12761568183177957,0.15383348610201134,False,21.511114148317574
G6:135M:T10:mu0:mu0:H512:S5120,G6,factorial_T_by_S,135M,135000000,10,512,5120,0.0,mu0,mu0,1.0,1.0,0.032724321427659964,0.03240017171075092,0.033002176034231494,0.004696458039586957,INTERIOR,3,10000,0,True,False,G6:T10:S5120:mu0,g6-readout.json,7e7e9cd8901520cc8f0ca822151af92c4c6183ee99bf02199bc1452a2763af8c,"recomputed paired 3-seed strict-interior bootstrap, equal-tailed 95%",,0.031350405899186334,0.9875756970034051,0.027666046821175162,1.0438244893189497,1.033484919300258,1.0526873604238736,0.8824781060296635,0.1679126611625681,0.24224676356170582,0.22788494580266178,0.25444464010902285,False,35.75304191950912
G6:135M:T10:mu0.9:corrected:H1024:S10240,G6,factorial_T_by_S,135M,135000000,10,1024,10240,0.9,corrected,nesterov_corrected,1.0,0.09999999999999998,0.0024101605597278155,0.0023800550665352086,0.002443156892381349,0.0066754764374062645,INTERIOR,3,10000,0,True,False,G6:T10:S10240:corrected,g6-readout.json,7e7e9cd8901520cc8f0ca822151af92c4c6183ee99bf02199bc1452a2763af8c,"recomputed paired 3-seed strict-interior bootstrap, equal-tailed 95%",,0.031350405899186334,0.9875756970034051,0.0027666046821175154,0.7687812934474221,0.7591783896478932,0.7793063031585052,0.8824781060296635,-0.13792745425246133,-0.19898725425246533,-0.21712156008856837,-0.1793700009279498,False,-20.661814260863846
G6:135M:T10:mu0.9:corrected:H256:S2560,G6,factorial_T_by_S,135M,135000000,10,256,2560,0.9,corrected,nesterov_corrected,1.0,0.09999999999999998,0.002324740742806622,0.002168663136802414,0.0024079096751682297,0.026696435633570322,INTERIOR,3,10000,0,True,False,G6:T10:S2560:corrected,g6-readout.json,7e7e9cd8901520cc8f0ca822151af92c4c6183ee99bf02199bc1452a2763af8c,"recomputed paired 3-seed strict-interior bootstrap, equal-tailed 95%",,0.031350405899186334,0.9875756970034051,0.0027666046821175154,0.7415344956879677,0.691749620013277,0.7680633172378559,0.8824781060296635,-0.17401229747804026,-0.25104667862526375,-0.3513105397280472,-0.2003352380176066,False,-6.518184669537782
G6:135M:T10:mu0.9:corrected:H512:S5120,G6,factorial_T_by_S,135M,135000000,10,512,5120,0.9,corrected,nesterov_corrected,1.0,0.09999999999999998,0.002303600686100393,0.0022666439013722664,0.002339162760619182,0.008034022827917387,INTERIOR,3,10000,0,True,False,G6:T10:S5120:corrected,g6-readout.json,7e7e9cd8901520cc8f0ca822151af92c4c6183ee99bf02199bc1452a2763af8c,"recomputed paired 3-seed strict-interior bootstrap, equal-tailed 95%",,0.031350405899186334,0.9875756970034051,0.0027666046821175154,0.7347913432151706,0.7230030477631217,0.7461347607878637,0.8824781060296635,-0.18314740734088497,-0.26422585632236567,-0.2875587573150932,-0.24212426422238514,False,-22.796475845757733
G6:135M:T10:mu0.9:raw:H1024:S10240,G6,factorial_T_by_S,135M,135000000,10,1024,10240,0.9,raw,nesterov_raw,6.861894039100001,0.6861894039099999,0.00551151773174717,0.005438733654099547,0.0055730823952406935,0.006225125510815685,INTERIOR,3,10000,0,True,False,G6:T10:S10240:raw,g6-readout.json,7e7e9cd8901520cc8f0ca822151af92c4c6183ee99bf02199bc1452a2763af8c,"recomputed paired 3-seed strict-interior bootstrap, equal-tailed 95%",,0.031350405899186334,0.9875756970034051,0.018984148176768332,0.25620289538264207,0.25281952761741405,0.25906472869389924,0.8824781060296635,-1.2367642888100483,-1.7842737062148224,-1.8034525854189296,-1.7682478781283844,False,-198.67298846605806
G6:135M:T10:mu0.9:raw:H256:S2560,G6,factorial_T_by_S,135M,135000000,10,256,2560,0.9,raw,nesterov_raw,6.861894039100001,0.6861894039099999,0.00506146929868499,0.004974839132078008,0.005137428816142294,0.008204153090120068,INTERIOR,3,10000,0,True,False,G6:T10:S2560:raw,g6-readout.json,7e7e9cd8901520cc8f0ca822151af92c4c6183ee99bf02199bc1452a2763af8c,"recomputed paired 3-seed strict-interior bootstrap, equal-tailed 95%",,0.031350405899186334,0.9875756970034051,0.018984148176768332,0.2352823944925179,0.23125539129803602,0.2388133725736245,0.8824781060296635,-1.3219475080703744,-1.9071671142086521,-1.9320734862461593,-1.8856768621776647,False,-161.13150175882782
G6:135M:T10:mu0.9:raw:H512:S5120,G6,factorial_T_by_S,135M,135000000,10,512,5120,0.9,raw,nesterov_raw,6.861894039100001,0.6861894039099999,0.005082917937089167,0.0050214240350062705,0.005132349580771497,0.005574081121082375,INTERIOR,3,10000,0,True,False,G6:T10:S5120:raw,g6-readout.json,7e7e9cd8901520cc8f0ca822151af92c4c6183ee99bf02199bc1452a2763af8c,"recomputed paired 3-seed strict-interior bootstrap, equal-tailed 95%",,0.031350405899186334,0.9875756970034051,0.018984148176768332,0.23627943442391688,0.2334208904567508,0.23857726432329043,0.8824781060296635,-1.3177188307008714,-1.9010664223381508,-1.9186268024499802,-1.8871039208726492,False,-236.40108604034754
G6:135M:T20:mu0:mu0:H512:S10240,G6,factorial_T_by_S,135M,135000000,20,512,10240,0.0,mu0,mu0,1.0,1.0,0.03001575383211165,0.029569171436246794,0.03046741645579326,0.007634192979452779,INTERIOR,3,10000,0,True,False,G6:T20:S10240:mu0,g6-readout.json,7e7e9cd8901520cc8f0ca822151af92c4c6183ee99bf02199bc1452a2763af8c,"recomputed paired 3-seed strict-interior bootstrap, equal-tailed 95%",,0.031350405899186334,0.9875756970034051,0.02441468060007866,0.9574279174768412,0.94318304941035,0.9718348321794459,0.778767607621702,0.20653775625826354,0.2979709967101303,0.2763449136295698,0.31951826471690625,False,27.054301196492446
G6:135M:T20:mu0:mu0:H128:S2560,G6,factorial_T_by_S,135M,135000000,20,128,2560,0.0,mu0,mu0,1.0,1.0,0.021926218661920484,0.021658238084647875,0.022378516594561648,0.008345950293450463,INTERIOR,3,10000,0,True,False,G6:T20:S2560:mu0,g6-readout.json,7e7e9cd8901520cc8f0ca822151af92c4c6183ee99bf02199bc1452a2763af8c,"recomputed paired 3-seed strict-interior bootstrap, equal-tailed 95%",,0.031350405899186334,0.9875756970034051,0.02441468060007866,0.69939185898992,0.6908439448693068,0.7138190384687318,0.778767607621702,-0.1075014953841893,-0.15509187427891769,-0.17283302104425619,-0.1256344968326739,False,-12.880677646564918
G6:135M:T20:mu0:mu0:H256:S5120,G6,factorial_T_by_S,135M,135000000,20,256,5120,0.0,mu0,mu0,1.0,1.0,0.02398038603886582,0.023695787443197343,0.02446607493981038,0.00816090871083858,INTERIOR,3,10000,0,True,False,G6:T20:S5120:mu0,g6-readout.json,7e7e9cd8901520cc8f0ca822151af92c4c6183ee99bf02199bc1452a2763af8c,"recomputed paired 3-seed strict-interior bootstrap, equal-tailed 95%",,0.031350405899186334,0.9875756970034051,0.02441468060007866,0.7649146909287131,0.7558367033395361,0.7804069592746603,0.778767607621702,-0.017948367471787297,-0.025894020743600317,-0.043118299861921235,0.003033765970450626,True,-2.1993099185082046
G6:135M:T20:mu0.9:corrected:H512:S10240,G6,factorial_T_by_S,135M,135000000,20,512,10240,0.9,corrected,nesterov_corrected,1.0,0.09999999999999998,0.0016329791801176395,0.0016153069292623831,0.0016515674412839,0.00566332184544942,INTERIOR,3,10000,0,True,False,G6:T20:S10240:corrected,g6-readout.json,7e7e9cd8901520cc8f0ca822151af92c4c6183ee99bf02199bc1452a2763af8c,"recomputed paired 3-seed strict-interior bootstrap, equal-tailed 95%",,0.031350405899186334,0.9875756970034051,0.0024414680600078655,0.5208797568263772,0.5152427481981364,0.5268089499685761,0.778767607621702,-0.4021934578772126,-0.5802425071574389,-0.5959405826125278,-0.563913021479053,False,-71.01723491141196
G6:135M:T20:mu0.9:corrected:H128:S2560,G6,factorial_T_by_S,135M,135000000,20,128,2560,0.9,corrected,nesterov_corrected,1.0,0.09999999999999998,0.0015999783168476867,0.0015354550480531964,0.0016482311637859494,0.018080920401325494,INTERIOR,3,10000,0,True,False,G6:T20:S2560:corrected,g6-readout.json,7e7e9cd8901520cc8f0ca822151af92c4c6183ee99bf02199bc1452a2763af8c,"recomputed paired 3-seed strict-interior bootstrap, equal-tailed 95%",,0.031350405899186334,0.9875756970034051,0.0024414680600078655,0.5103533019613035,0.4897719834922609,0.5257447603983743,0.778767607621702,-0.42260944513187004,-0.6096965507245854,-0.6690826277194761,-0.566830310209346,False,-23.37322634863704
G6:135M:T20:mu0.9:corrected:H256:S5120,G6,factorial_T_by_S,135M,135000000,20,256,5120,0.9,corrected,nesterov_corrected,1.0,0.09999999999999998,0.0015456648271296336,0.0014933121094528954,0.0015737122812830445,0.013377999251904107,INTERIOR,3,10000,0,True,False,G6:T20:S5120:corrected,g6-readout.json,7e7e9cd8901520cc8f0ca822151af92c4c6183ee99bf02199bc1452a2763af8c,"recomputed paired 3-seed strict-interior bootstrap, equal-tailed 95%",,0.031350405899186334,0.9875756970034051,0.0024414680600078655,0.49302864916646905,0.47632943390109445,0.5019750896826152,0.778767607621702,-0.4571453957003935,-0.6595213953421806,-0.7092331771162929,-0.6335771044831928,False,-34.171432296599015
G6:135M:T20:mu0.9:raw:H512:S10240,G6,factorial_T_by_S,135M,135000000,20,512,10240,0.9,raw,nesterov_raw,8.905810108684879,0.8905810108684876,0.0027759790903334183,0.002756561186472802,0.0028057077100680995,0.004508208922170236,INTERIOR,3,10000,0,True,False,G6:T20:S10240:raw,g6-readout.json,7e7e9cd8901520cc8f0ca822151af92c4c6183ee99bf02199bc1452a2763af8c,"recomputed paired 3-seed strict-interior bootstrap, equal-tailed 95%",,0.031350405899186334,0.9875756970034051,0.02174325092884931,0.0994259139105302,0.0987304321454508,0.10049068964919193,0.778767607621702,-2.0582998969436086,-2.969499053982809,-2.979626130238348,-2.954131033756536,False,-456.56710513601274
G6:135M:T20:mu0.9:raw:H128:S2560,G6,factorial_T_by_S,135M,135000000,20,128,2560,0.9,raw,nesterov_raw,8.905810108684879,0.8905810108684876,0.002562944780443369,0.002530371187980732,0.0026022140080168106,0.007142125529501065,INTERIOR,3,10000,0,True,False,G6:T20:S2560:raw,g6-readout.json,7e7e9cd8901520cc8f0ca822151af92c4c6183ee99bf02199bc1452a2763af8c,"recomputed paired 3-seed strict-interior bootstrap, equal-tailed 95%",,0.031350405899186334,0.9875756970034051,0.02174325092884931,0.09179576603626316,0.09062909327160706,0.09320225315774255,0.778767607621702,-2.1381465050007074,-3.0846933594585897,-3.103146721201091,-3.062756139796495,False,-299.37117405300967
G6:135M:T20:mu0.9:raw:H256:S5120,G6,factorial_T_by_S,135M,135000000,20,256,5120,0.9,raw,nesterov_raw,8.905810108684879,0.8905810108684876,0.002530039080372076,0.002459273662690846,0.002564679762272175,0.010706210640811759,INTERIOR,3,10000,0,True,False,G6:T20:S5120:raw,g6-readout.json,7e7e9cd8901520cc8f0ca822151af92c4c6183ee99bf02199bc1452a2763af8c,"recomputed paired 3-seed strict-interior bootstrap, equal-tailed 95%",,0.031350405899186334,0.9875756970034051,0.02174325092884931,0.09061719833240445,0.08808262725054099,0.09185790704969798,0.778767607621702,-2.151068657851647,-3.1033360852942495,-3.144263471172995,-3.083717059514971,False,-200.91783451857717
G8:135M:T2:mu0:mu0:H512:S1024,G8,phase_mu_scan,135M,135000000,2,512,1024,0.0,mu0,mu0,1.0,1.0,0.06368371841714432,0.0630902675008704,0.06451388245636791,0.005692429641101958,INTERIOR,3,10000,0,True,False,G8:T2:mu0:mu0,g8-readout.json,9884f0775b30a35964e7df878bd0569b62f24af23619d90b4ff346d1afae596c,"recomputed paired 3-seed strict-interior bootstrap, equal-tailed 95%",,0.031350405899186334,0.9875756970034051,0.03057623136753704,2.0313522772857358,2.0124226685852205,2.057832446055899,0.9753057573117614,0.7337059776256076,1.0585139753910529,1.045006867577869,1.077199040882463,False,128.89153206706558
G8:135M:T2:mu0.8:corrected:H512:S1024,G8,phase_mu_scan,135M,135000000,2,512,1024,0.8,corrected,nesterov_corrected,1.0,0.19999999999999996,0.012027206164096065,0.01188998535058027,0.012115595399531368,0.004795246299099441,INTERIOR,3,10000,0,True,False,G8:T2:mu0.8:corrected,g8-readout.json,9884f0775b30a35964e7df878bd0569b62f24af23619d90b4ff346d1afae596c,"recomputed paired 3-seed strict-interior bootstrap, equal-tailed 95%",,0.031350405899186334,0.9875756970034051,0.006115246273507407,1.9181898637567913,1.89630484989811,1.932286847974402,0.9753057573117614,0.6763862219532277,0.9758190481375434,0.959264432245221,0.9863827999074584,False,141.0534891774495
G8:135M:T2:mu0.8:raw:H512:S1024,G8,phase_mu_scan,135M,135000000,2,512,1024,0.8,raw,nesterov_raw,2.44,0.4879999999999999,0.02931068873211242,0.028712307302108223,0.029905896556832165,0.010390449475054044,INTERIOR,3,10000,0,True,False,G8:T2:mu0.8:raw,g8-readout.json,9884f0775b30a35964e7df878bd0569b62f24af23619d90b4ff346d1afae596c,"recomputed paired 3-seed strict-interior bootstrap, equal-tailed 95%",,0.031350405899186334,0.9875756970034051,0.014921200907358073,1.915856749647088,1.876744290980055,1.9547617695479937,0.9753057573117614,0.6751691713365067,0.9740632152482891,0.9443056161159304,1.003066316081088,False,64.97978484544768
G8:135M:T2:mu0.95:corrected:H512:S1024,G8,phase_mu_scan,135M,135000000,2,512,1024,0.95,corrected,nesterov_corrected,1.0,0.050000000000000044,0.0030364911314160335,0.0029865903190176672,0.0030941499201392127,0.009025888029649048,INTERIOR,3,10000,0,True,False,G8:T2:mu0.95:corrected,g8-readout.json,9884f0775b30a35964e7df878bd0569b62f24af23619d90b4ff346d1afae596c,"recomputed paired 3-seed strict-interior bootstrap, equal-tailed 95%",,0.031350405899186334,0.9875756970034051,0.0015288115683768533,1.9371303460506966,1.9052961091614948,1.9739137860537337,0.9753057573117614,0.6862119348104736,0.9899945553498909,0.9660887515135486,1.017132500843416,False,76.02708260465263
G8:135M:T2:mu0.95:raw:H512:S1024,G8,phase_mu_scan,135M,135000000,2,512,1024,0.95,raw,nesterov_raw,2.8524999999999996,0.1426250000000001,0.02550796369141904,0.025259089272620137,0.025919682107209793,0.006585974306162123,INTERIOR,3,10000,0,True,False,G8:T2:mu0.95:raw,g8-readout.json,9884f0775b30a35964e7df878bd0569b62f24af23619d90b4ff346d1afae596c,"recomputed paired 3-seed strict-interior bootstrap, equal-tailed 95%",,0.031350405899186334,0.9875756970034051,0.004360934998794974,5.704754565801769,5.649094792480392,5.796833750981772,0.9753057573117614,1.7663042213977664,2.5482383409117992,2.5340932312331095,2.571338632513559,False,268.1917874694919
G8:135M:T5:mu0:mu0:H512:S2560,G8,phase_mu_scan,135M,135000000,5,512,2560,0.0,mu0,mu0,1.0,1.0,0.03892404186365313,0.03743463852689821,0.03957906324916896,0.014210422599682984,INTERIOR,3,10000,0,True,False,G8:T5:mu0:mu0,g8-readout.json,9884f0775b30a35964e7df878bd0569b62f24af23619d90b4ff346d1afae596c,"recomputed paired 3-seed strict-interior bootstrap, equal-tailed 95%",,0.031350405899186334,0.9875756970034051,0.029450667182081548,1.241580156531988,1.1940718932723544,1.262473710115383,0.9394030583459176,0.27889553790146593,0.40236120945650483,0.34607350612295534,0.426437149751926,False,19.626125538848346
G8:135M:T5:mu0.8:corrected:H512:S2560,G8,phase_mu_scan,135M,135000000,5,512,2560,0.8,corrected,nesterov_corrected,1.0,0.19999999999999996,0.006715983170430476,0.0066427869321560255,0.006752413797646781,0.004175700832291944,INTERIOR,3,10000,0,True,False,G8:T5:mu0.8:corrected,g8-readout.json,9884f0775b30a35964e7df878bd0569b62f24af23619d90b4ff346d1afae596c,"recomputed paired 3-seed strict-interior bootstrap, equal-tailed 95%",,0.031350405899186334,0.9875756970034051,0.005890133436416308,1.0711158241502678,1.0594419341040229,1.076926056294224,0.9394030583459176,0.13121158117383436,0.1892982974666905,0.17348832305088432,0.19710299961898203,False,31.422648902224015
G8:135M:T5:mu0.8:raw:H512:S2560,G8,phase_mu_scan,135M,135000000,5,512,2560,0.8,raw,nesterov_raw,3.68928,0.7378559999999998,0.011822554025076634,0.011716840712978415,0.011893551211937766,0.0038187319543557113,INTERIOR,3,10000,0,True,False,G8:T5:mu0.8:raw,g8-readout.json,9884f0775b30a35964e7df878bd0569b62f24af23619d90b4ff346d1afae596c,"recomputed paired 3-seed strict-interior bootstrap, equal-tailed 95%",,0.031350405899186334,0.9875756970034051,0.021730351484301958,0.5110889907436577,0.5065190044383426,0.5141581990129986,0.9394030583459176,-0.608700904000544,-0.8781697755862138,-0.891127890961011,-0.8695319664385937,False,-159.39869864556724
G8:135M:T5:mu0.95:corrected:H512:S2560,G8,phase_mu_scan,135M,135000000,5,512,2560,0.95,corrected,nesterov_corrected,1.0,0.050000000000000044,0.0015960034465241928,0.0015719690141899354,0.001636511997735178,0.01026502625821286,INTERIOR,3,10000,0,True,False,G8:T5:mu0.95:corrected,g8-readout.json,9884f0775b30a35964e7df878bd0569b62f24af23619d90b4ff346d1afae596c,"recomputed paired 3-seed strict-interior bootstrap, equal-tailed 95%",,0.031350405899186334,0.9875756970034051,0.0014725333591040788,1.0181708343148526,1.0028380616473822,1.0440132756160905,0.9394030583459176,0.08051836747499408,0.11616344945664916,0.09427246267993877,0.15232386166334752,False,7.8439514375886565
G8:135M:T5:mu0.95:raw:H512:S2560,G8,phase_mu_scan,135M,135000000,5,512,2560,0.95,raw,nesterov_raw,5.298162187499999,0.2649081093750002,0.008807126571622107,0.008704143496651816,0.008924573824455185,0.006380066086860153,INTERIOR,3,10000,0,True,False,G8:T5:mu0.95:raw,g8-readout.json,9884f0775b30a35964e7df878bd0569b62f24af23619d90b4ff346d1afae596c,"recomputed paired 3-seed strict-interior bootstrap, equal-tailed 95%",,0.031350405899186334,0.9875756970034051,0.007801720563037588,1.060463723325173,1.0480635591814715,1.0746055152048302,0.9394030583459176,0.12121693705181658,0.17487907395640542,0.15791001530486048,0.19399095193690422,False,18.999323110690778
G8:135M:T20:mu0:mu0:H512:S10240,G8,phase_mu_scan,135M,135000000,20,512,10240,0.0,mu0,mu0,1.0,1.0,0.0343371446881654,0.03422102900721145,0.03442450570925512,0.0015123613799110363,INTERIOR,3,10000,0,True,False,G8:T20:mu0:mu0,g8-readout.json,9884f0775b30a35964e7df878bd0569b62f24af23619d90b4ff346d1afae596c,"recomputed paired 3-seed strict-interior bootstrap, equal-tailed 95%",,0.031350405899186334,0.9875756970034051,0.02441468060007866,1.0952695412806945,1.091565739762866,1.0980561406430969,0.778767607621702,0.3410430884256219,0.492021172401101,0.48713423716837456,0.4956870349561124,False,225.50370100411027
G8:135M:T20:mu0.8:corrected:H512:S10240,G8,phase_mu_scan,135M,135000000,20,512,10240,0.8,corrected,nesterov_corrected,1.0,0.19999999999999996,0.004101967192004425,0.004058905359079384,0.004126258476602581,0.004198479501153298,INTERIOR,3,10000,0,True,False,G8:T20:mu0.8:corrected,g8-readout.json,9884f0775b30a35964e7df878bd0569b62f24af23619d90b4ff346d1afae596c,"recomputed paired 3-seed strict-interior bootstrap, equal-tailed 95%",,0.031350405899186334,0.9875756970034051,0.004882936120015731,0.6542127724271168,0.6473449454102171,0.658086930336949,0.778767607621702,-0.17428004130597552,-0.2514329513180546,-0.26665820303243,-0.2429147071548522,False,-41.51027562671243
G8:135M:T20:mu0.8:raw:H512:S10240,G8,phase_mu_scan,135M,135000000,20,512,10240,0.8,raw,nesterov_raw,4.953883139815727,0.9907766279631453,0.005572069283433348,0.005551477716221548,0.005602002245732292,0.0023112491596718188,INTERIOR,3,10000,0,True,False,G8:T20:mu0.8:raw,g8-readout.json,9884f0775b30a35964e7df878bd0569b62f24af23619d90b4ff346d1afae596c,"recomputed paired 3-seed strict-interior bootstrap, equal-tailed 95%",,0.031350405899186334,0.9875756970034051,0.024189494917743155,0.17938973426761484,0.1787267999819158,0.18035340967786415,0.778767607621702,-1.4681519545553088,-2.1180955441083826,-2.123436895358227,-2.110366178952526,False,-635.2201139420971
G8:135M:T20:mu0.95:corrected:H512:S10240,G8,phase_mu_scan,135M,135000000,20,512,10240,0.95,corrected,nesterov_corrected,1.0,0.050000000000000044,0.0007063213216981805,0.0007027713308111999,0.0007096693525929702,0.0024917800527947394,INTERIOR,3,10000,0,True,False,G8:T20:mu0.95:corrected,g8-readout.json,9884f0775b30a35964e7df878bd0569b62f24af23619d90b4ff346d1afae596c,"recomputed paired 3-seed strict-interior bootstrap, equal-tailed 95%",,0.031350405899186334,0.9875756970034051,0.0012207340300039342,0.450597879956962,0.448333162301697,0.452733757180087,0.778767607621702,-0.5471373569006155,-0.7893523514856129,-0.7966216606746727,-0.7825299950144945,False,-219.5769069934384
G8:135M:T20:mu0.95:raw:H512:S10240,G8,phase_mu_scan,135M,135000000,20,512,10240,0.95,raw,nesterov_raw,13.188767474237691,0.6594383737118852,0.0017841414084310005,0.0017751810569021586,0.0018024237573557266,0.0038852421553751877,INTERIOR,3,10000,0,True,False,G8:T20:mu0.95:raw,g8-readout.json,9884f0775b30a35964e7df878bd0569b62f24af23619d90b4ff346d1afae596c,"recomputed paired 3-seed strict-interior bootstrap, equal-tailed 95%",,0.031350405899186334,0.9875756970034051,0.016099977269610984,0.0863002172633625,0.08586679854439716,0.0871845477748526,0.778767607621702,-2.1998805643319046,-3.173756780709653,-3.1810205687758004,-3.159048511731291,False,-566.2145308725211
TP-pilot:135M:T2:mu0.9:raw:H512:S1024,TP-pilot,two_parameter_master,135M,135000000,2,512,1024,0.9,raw,nesterov_raw,2.7099999999999995,0.2709999999999999,0.032448201499834774,0.030144481455934152,0.03618923689615126,0.04662327538175447,INTERIOR,2,10000,0,True,True,pilot:T2:H512:S1024:mu0.9,two_param_master_eta.csv,610f8e302d3a3ba7e888e268ad832d1be7e5015c0b93ab000208c57d0cf5d649,"source-reported paired training-seed bootstrap, equal-tailed 95%",,0.031350405899186334,0.9875756970034051,0.008286158700602536,3.819250738571994,3.5480959727469803,4.259581836752534,0.9753057573117614,1.3650585215478928,1.9693631595603651,1.8631185555093672,2.1267853297598585,False,29.27847754947938
TP-pilot:135M:T5:mu0.5:raw:H512:S2560,TP-pilot,two_parameter_master,135M,135000000,5,512,2560,0.5,raw,nesterov_raw,1.96875,0.984375,0.022570738832517506,0.022337473558777875,0.02279147899458787,0.005133012950074556,INTERIOR,2,10000,0,True,True,pilot:T5:H512:S2560:mu0.5,two_param_master_eta.csv,610f8e302d3a3ba7e888e268ad832d1be7e5015c0b93ab000208c57d0cf5d649,"source-reported paired training-seed bootstrap, equal-tailed 95%",,0.031350405899186334,0.9875756970034051,0.028990500507361523,0.7313782348466132,0.7238195481139966,0.7385310600727945,0.9394030583459176,-0.2503138821607278,-0.3611265964589464,-0.37611421953917556,-0.3470856934296221,False,-48.76548814416922
TP-pilot:135M:T5:mu0.8:raw:H512:S2560,TP-pilot,two_parameter_master,135M,135000000,5,512,2560,0.8,raw,nesterov_raw,3.68928,0.7378559999999998,0.013501369940349998,0.01329805016278891,0.013762949215939778,0.008766161568632655,INTERIOR,2,10000,0,True,True,pilot:T5:H512:S2560:mu0.8,two_param_master_eta.csv,610f8e302d3a3ba7e888e268ad832d1be7e5015c0b93ab000208c57d0cf5d649,"source-reported paired training-seed bootstrap, equal-tailed 95%",,0.031350405899186334,0.9875756970034051,0.021730351484301958,0.5836641999549256,0.5748746863107916,0.5949722716014639,0.9394030583459176,-0.4759188118500455,-0.6866057097218282,-0.7084967851035078,-0.6589218566062158,False,-54.290444925518216
TP-pilot:135M:T5:mu0.95:raw:H512:S2560,TP-pilot,two_parameter_master,135M,135000000,5,512,2560,0.95,raw,nesterov_raw,5.298162187499999,0.2649081093750002,0.010211709677104287,0.010083245372657954,0.010390570224139091,0.0076592002351523365,INTERIOR,2,10000,0,True,True,pilot:T5:H512:S2560:mu0.95,two_param_master_eta.csv,610f8e302d3a3ba7e888e268ad832d1be7e5015c0b93ab000208c57d0cf5d649,"source-reported paired training-seed bootstrap, equal-tailed 95%",,0.031350405899186334,0.9875756970034051,0.007801720563037588,1.2295891943452775,1.2141208422670304,1.2511257443337456,0.9394030583459176,0.269190775017615,0.38836019617096984,0.3700958255584676,0.4134105991947165,False,35.14606835608613
TP-pilot:135M:T10:mu0:raw:H512:S5120,TP-pilot,two_parameter_master,135M,135000000,10,512,5120,0.0,raw,mu0,1.0,1.0,0.030915581780415195,0.030004269801964727,0.03180867417956082,0.014898061323152356,INTERIOR,2,10000,0,True,True,pilot:T10:H512:S5120:mu0,two_param_master_eta.csv,610f8e302d3a3ba7e888e268ad832d1be7e5015c0b93ab000208c57d0cf5d649,"source-reported paired training-seed bootstrap, equal-tailed 95%",,0.031350405899186334,0.9875756970034051,0.027666046821175162,0.9861301917375678,0.9570616054685103,1.0146176187271112,0.8824781060296635,0.11105440671971456,0.16021764184339818,0.1170513070220935,0.20130372685956432,False,7.454285783287137
TP-pilot:135M:T10:mu0.9:raw:H512:S5120,TP-pilot,two_parameter_master,135M,135000000,10,512,5120,0.9,raw,nesterov_raw,6.861894039100001,0.6861894039099999,0.005208472183426174,0.005175751956595422,0.005243815325303236,0.003332896621185298,INTERIOR,2,10000,0,True,True,pilot:T10:H512:S5120:mu0.9,two_param_master_eta.csv,610f8e302d3a3ba7e888e268ad832d1be7e5015c0b93ab000208c57d0cf5d649,"source-reported paired training-seed bootstrap, equal-tailed 95%",,0.031350405899186334,0.9875756970034051,0.018984148176768332,0.2421158234196082,0.24059482371324273,0.2437587493288663,0.8824781060296635,-1.2933177586363773,-1.865863116678331,-1.8749548821441337,-1.8561064830597103,False,-388.0461669334427
TP-v1:135M:T5:mu0:raw:H512:S2560,TP-v1,two_parameter_master,135M,135000000,5,512,2560,0.0,raw,mu0,1.0,1.0,0.04440765882962343,0.04374058350447572,0.04530069630613185,0.008940482628653415,INTERIOR,5,10000,0,True,False,v1:T5:H512:S2560:mu0,two_param_master_eta.csv,610f8e302d3a3ba7e888e268ad832d1be7e5015c0b93ab000208c57d0cf5d649,"source-reported paired training-seed bootstrap, equal-tailed 95%",,0.031350405899186334,0.9875756970034051,0.029450667182081548,1.416493903537497,1.3952158592501973,1.444979578631471,0.9394030583459176,0.4106953861445244,0.5925081969066832,0.5706721486681559,0.6212329081951907,False,45.936601322649395
TP-v1:135M:T5:mu0.9:raw:H512:S2560,TP-v1,two_parameter_master,135M,135000000,5,512,2560,0.9,raw,nesterov_raw,4.68559,0.46855899999999995,0.011153409369304366,0.010794535487612628,0.011416142885185351,0.014283008271107402,INTERIOR,5,10000,0,True,False,v1:T5:H512:S2560:mu0.9,two_param_master_eta.csv,610f8e302d3a3ba7e888e268ad832d1be7e5015c0b93ab000208c57d0cf5d649,"source-reported paired training-seed bootstrap, equal-tailed 95%",,0.031350405899186334,0.9875756970034051,0.013799375164168947,0.759276905501796,0.7348462904912654,0.7771626913009559,0.9394030583459176,-0.21287808898044647,-0.3071181632860096,-0.3543017808536222,-0.27352764633389803,False,-14.904289414371489
TP-v1:135M:T10:mu0:raw:H256:S2560,TP-v1,two_parameter_master,135M,135000000,10,256,2560,0.0,raw,mu0,1.0,1.0,0.027033408102849998,0.02619079798652554,0.031332041723278,0.04572358098992092,INTERIOR,5,10000,3639,False,False,v1:T10:H256:S2560:mu0,two_param_master_eta.csv,610f8e302d3a3ba7e888e268ad832d1be7e5015c0b93ab000208c57d0cf5d649,"source-reported paired training-seed bootstrap, equal-tailed 95%",,0.031350405899186334,0.9875756970034051,0.027666046821175162,0.8622985038784337,0.8354213361940968,0.9994142284483528,0.8824781060296635,-0.02313247654741435,-0.03337310919843493,-0.07905649647665974,0.17952227149019573,True,
TP-v1:135M:T10:mu0.5:raw:H256:S2560,TP-v1,two_parameter_master,135M,135000000,10,256,2560,0.5,raw,nesterov_raw,1.9990234375,0.99951171875,0.01465196327222498,0.014339925882964623,0.014885870286245547,0.009532010225638928,INTERIOR,5,10000,0,True,False,v1:T10:H256:S2560:mu0.5,two_param_master_eta.csv,610f8e302d3a3ba7e888e268ad832d1be7e5015c0b93ab000208c57d0cf5d649,"source-reported paired training-seed bootstrap, equal-tailed 95%",,0.031350405899186334,0.9875756970034051,0.02765253800925076,0.4675895136194638,0.45763143439386794,0.4750542106628553,0.8824781060296635,-0.63514317608522,-0.9163179103926126,-0.9473743328060266,-0.8934683305413195,False,-66.6326578602308
TP-v1:135M:T40:mu0:raw:H64:S2560,TP-v1,two_parameter_master,135M,135000000,40,64,2560,0.0,raw,mu0,1.0,1.0,0.018741287437424044,0.01815388120917314,0.02137632342690695,0.04168432438763558,INTERIOR,5,10000,0,True,False,v1:T40:H64:S2560:mu0,two_param_master_eta.csv,610f8e302d3a3ba7e888e268ad832d1be7e5015c0b93ab000208c57d0cf5d649,"source-reported paired training-seed bootstrap, equal-tailed 95%",,0.031350405899186334,0.9875756970034051,0.01901336240177126,0.5978004717926301,0.5790636736108193,0.6818515682268008,0.6064789866808292,-0.014413041861867093,-0.020793624018240687,-0.06673566452123798,0.1690000545612544,True,-0.34576647393479876
TP-v1:135M:T160:mu0:raw:H16:S2560,TP-v1,two_parameter_master,135M,135000000,160,16,2560,0.0,raw,mu0,1.0,1.0,0.02324899146017926,0.022641204282718284,0.023723650934195394,0.011913748416204422,INTERIOR,5,10000,0,True,False,v1:T160:H16:S2560:mu0,two_param_master_eta.csv,610f8e302d3a3ba7e888e268ad832d1be7e5015c0b93ab000208c57d0cf5d649,"source-reported paired training-seed bootstrap, equal-tailed 95%",,0.031350405899186334,0.9875756970034051,0.004241370389579913,0.74158502237391,0.7221981225865376,0.7567254794238921,0.1352891698824849,1.7013753309217492,2.454565752611627,2.4163483160284858,2.4837236685409736,False,142.80772696254292
TP-v1:135M:T160:mu0.5:raw:H16:S2560,TP-v1,two_parameter_master,135M,135000000,160,16,2560,0.5,raw,nesterov_raw,2.0,1.0,0.01166595025460419,0.01148655952072146,0.011807161451522174,0.007022740145898795,INTERIOR,5,10000,0,True,False,v1:T160:H16:S2560:mu0.5,two_param_master_eta.csv,610f8e302d3a3ba7e888e268ad832d1be7e5015c0b93ab000208c57d0cf5d649,"source-reported paired training-seed bootstrap, equal-tailed 95%",,0.031350405899186334,0.9875756970034051,0.004241370389579913,0.37211480744837716,0.36639268906625483,0.3766190935291404,0.1352891698824849,1.0117879420736653,1.4597014464609268,1.4373443625865485,1.4770597885300718,False,144.07309982337003
TP-v1:135M:T160:mu0.9:raw:H16:S2560,TP-v1,two_parameter_master,135M,135000000,160,16,2560,0.9,raw,nesterov_raw,9.999999570420036,0.9999999570420033,0.0023866932746286255,0.002358432645415548,0.002408616146616331,0.005371298814194867,INTERIOR,5,10000,0,True,False,v1:T160:H16:S2560:mu0.9,two_param_master_eta.csv,610f8e302d3a3ba7e888e268ad832d1be7e5015c0b93ab000208c57d0cf5d649,"source-reported paired training-seed bootstrap, equal-tailed 95%",,0.031350405899186334,0.9875756970034051,0.004241370207379138,0.07612958456841339,0.07522814072369968,0.07682886970685675,0.1352891698824849,-0.5749775383262445,-0.8295172431658169,-0.8467020143933067,-0.8163259196149361,False,-107.04627655544631
TP-v2:135M:T5:mu0:raw:H512:S2560,TP-v2,two_parameter_master,135M,135000000,5,512,2560,0.0,raw,mu0,1.0,1.0,0.04429579005615506,0.04358653656023719,0.0451987738033369,0.009265897315912305,INTERIOR,5,10000,0,True,False,v2:T5:H512:S2560:mu0,two_param_master_eta.csv,610f8e302d3a3ba7e888e268ad832d1be7e5015c0b93ab000208c57d0cf5d649,"source-reported paired training-seed bootstrap, equal-tailed 95%",,0.031350405899186334,0.9875756970034051,0.029450667182081548,1.4129255678091464,1.390302144744111,1.4417285042076595,0.9394030583459176,0.4081730753621784,0.5888692716494119,0.565582252359294,0.6179833167593934,False,44.05111145158318
TP-v2:135M:T5:mu0.9:raw:H512:S2560,TP-v2,two_parameter_master,135M,135000000,5,512,2560,0.9,raw,nesterov_raw,4.68559,0.46855899999999995,0.010814101576197574,0.010289047516657863,0.011418993408009585,0.026581630243154717,INTERIOR,5,10000,0,True,False,v2:T5:H512:S2560:mu0.9,two_param_master_eta.csv,610f8e302d3a3ba7e888e268ad832d1be7e5015c0b93ab000208c57d0cf5d649,"source-reported paired training-seed bootstrap, equal-tailed 95%",,0.031350405899186334,0.9875756970034051,0.013799375164168947,0.7361782669929472,0.7004348087957044,0.7773567428306167,0.9394030583459176,-0.24377232923627856,-0.3516891304951308,-0.4234935087802782,-0.27316746147570226,False,-9.170706499427538
TP-v2:135M:T10:mu0:raw:H256:S2560,TP-v2,two_parameter_master,135M,135000000,10,256,2560,0.0,raw,mu0,1.0,1.0,0.027053183469649595,0.021009373571071407,0.030768673068713382,0.09733045315204923,INTERIOR,5,10000,39,False,False,v2:T10:H256:S2560:mu0,two_param_master_eta.csv,610f8e302d3a3ba7e888e268ad832d1be7e5015c0b93ab000208c57d0cf5d649,"source-reported paired training-seed bootstrap, equal-tailed 95%",,0.031350405899186334,0.9875756970034051,0.027666046821175162,0.862929288910793,0.6701467801926189,0.9814441691012348,0.8824781060296635,-0.022401228113898775,-0.03231814070974419,-0.39708336682528533,0.1533457141178826,True,
TP-v2:135M:T40:mu0:raw:H64:S2560,TP-v2,two_parameter_master,135M,135000000,40,64,2560,0.0,raw,mu0,1.0,1.0,0.019635295360083772,0.016636389056799882,0.021033167845996962,0.05982462096011608,INTERIOR,5,10000,4,False,False,v2:T40:H64:S2560:mu0,two_param_master_eta.csv,610f8e302d3a3ba7e888e268ad832d1be7e5015c0b93ab000208c57d0cf5d649,"source-reported paired training-seed bootstrap, equal-tailed 95%",,0.031350405899186334,0.9875756970034051,0.01901336240177126,0.6263171017059587,0.530659446971679,0.6709057584017709,0.6064789866808292,0.03218671416552876,0.0464356129091189,-0.192671357513914,0.14565246680249233,True,
TP-v2:135M:T40:mu0.9:raw:H64:S2560,TP-v2,two_parameter_master,135M,135000000,40,64,2560,0.9,raw,nesterov_raw,9.86697205352709,0.9866972053527089,0.0019565651798951022,0.0019319775202527576,0.0019838089991986367,0.006753857119136893,INTERIOR,5,10000,0,True,False,v2:T40:H64:S2560:mu0.9,two_param_master_eta.csv,610f8e302d3a3ba7e888e268ad832d1be7e5015c0b93ab000208c57d0cf5d649,"source-reported paired training-seed bootstrap, equal-tailed 95%",,0.031350405899186334,0.9875756970034051,0.018760431546185972,0.06325097931550618,0.06245612025973068,0.06413170553354898,0.6064789866808292,-2.260559470189356,-3.2612979372767668,-3.27954280180795,-3.2413479794628772,False,-334.7064396408557
TP-v2:135M:T160:mu0:raw:H16:S2560,TP-v2,two_parameter_master,135M,135000000,160,16,2560,0.0,raw,mu0,1.0,1.0,0.02306165614323191,0.022907057637438166,0.023287460885579585,0.004201607675393279,INTERIOR,5,10000,0,True,False,v2:T160:H16:S2560:mu0,two_param_master_eta.csv,610f8e302d3a3ba7e888e268ad832d1be7e5015c0b93ab000208c57d0cf5d649,"source-reported paired training-seed bootstrap, equal-tailed 95%",,0.031350405899186334,0.9875756970034051,0.004241370389579913,0.7356094915450664,0.7306781835967455,0.7428121013955991,0.1352891698824849,1.6932849090219961,2.4428937410581533,2.433189778506251,2.456950965024489,False,403.00880992262114
TP-v2:135M:T160:mu0.9:raw:H16:S2560,TP-v2,two_parameter_master,135M,135000000,160,16,2560,0.9,raw,nesterov_raw,9.999999570420036,0.9999999570420033,0.002390097905974249,0.0023765565772580293,0.0024039693676156863,0.0029257299292036972,INTERIOR,5,10000,0,True,False,v2:T160:H16:S2560:mu0.9,two_param_master_eta.csv,610f8e302d3a3ba7e888e268ad832d1be7e5015c0b93ab000208c57d0cf5d649,"source-reported paired training-seed bootstrap, equal-tailed 95%",,0.031350405899186334,0.9875756970034051,0.004241370207379138,0.07623818384788772,0.07580624911181212,0.07668064900390305,0.1352891698824849,-0.573552049208792,-0.827460697085227,-0.8356576664310855,-0.8191119011144093,False,-196.03724987866428
TP-v3:135M:T2:mu0:corrected:H512:S1024,TP-v3,two_parameter_master,135M,135000000,2,512,1024,0.0,corrected,mu0,1.0,1.0,0.07766526318797157,0.07565911329028183,0.07992790927895596,0.014002092731150596,INTERIOR,5,10000,0,True,False,v3-shared-mu0:T2:H512:S1024,two_param_master_eta.csv,610f8e302d3a3ba7e888e268ad832d1be7e5015c0b93ab000208c57d0cf5d649,"source-reported paired training-seed bootstrap, equal-tailed 95%",A/A-equivalent mu=0 control appears under raw and corrected labels.,0.031350405899186334,0.9875756970034051,0.03057623136753704,2.477328792415644,2.413337598676688,2.549501576980552,0.9753057573117614,0.9321851397583929,1.3448588783198188,1.3071032681779213,1.3862887521009042,False,66.57470120052493
TP-v3:135M:T2:mu0:raw:H512:S1024,TP-v3,two_parameter_master,135M,135000000,2,512,1024,0.0,raw,mu0,1.0,1.0,0.07766526318797157,0.07565911329028183,0.07992790927895596,0.014002092731150596,INTERIOR,5,10000,0,True,False,v3-shared-mu0:T2:H512:S1024,two_param_master_eta.csv,610f8e302d3a3ba7e888e268ad832d1be7e5015c0b93ab000208c57d0cf5d649,"source-reported paired training-seed bootstrap, equal-tailed 95%",A/A-equivalent mu=0 control appears under raw and corrected labels.,0.031350405899186334,0.9875756970034051,0.03057623136753704,2.477328792415644,2.413337598676688,2.549501576980552,0.9753057573117614,0.9321851397583929,1.3448588783198188,1.3071032681779213,1.3862887521009042,False,66.57470120052493
TP-v3:135M:T2:mu0.9:corrected:H512:S1024,TP-v3,two_parameter_master,135M,135000000,2,512,1024,0.9,corrected,nesterov_corrected,1.0,0.09999999999999998,0.0074190960273494665,0.007321753265456013,0.007504537850219824,0.006290439016588746,INTERIOR,5,10000,0,True,False,v3:T2:H512:S1024:mu0.9,two_param_master_eta.csv,610f8e302d3a3ba7e888e268ad832d1be7e5015c0b93ab000208c57d0cf5d649,"source-reported paired training-seed bootstrap, equal-tailed 95%",,0.031350405899186334,0.9875756970034051,0.0030576231367537036,2.366507167788224,2.3354572470291504,2.393760984898316,0.9753057573117614,0.8864193591185852,1.278832813548356,1.2597785571113815,1.2953526293004927,False,140.91534100894648
TP-v3:135M:T2:mu0.9:raw:H512:S1024,TP-v3,two_parameter_master,135M,135000000,2,512,1024,0.9,raw,nesterov_raw,2.7099999999999995,0.2709999999999999,0.03236670747670132,0.03175358499995223,0.03309868702242877,0.010583863422648747,INTERIOR,5,10000,0,True,False,v3:T2:H512:S1024:mu0.9,two_param_master_eta.csv,610f8e302d3a3ba7e888e268ad832d1be7e5015c0b93ab000208c57d0cf5d649,"source-reported paired training-seed bootstrap, equal-tailed 95%",,0.031350405899186334,0.9875756970034051,0.008286158700602536,3.809658647372633,3.737492291028631,3.895814837590245,0.9753057573117614,1.3625438511621843,1.9657352570654334,1.9381441253662506,1.9979986316167841,False,128.73785278128526
TP-v3:135M:T5:mu0:corrected:H512:S2560,TP-v3,two_parameter_master,135M,135000000,5,512,2560,0.0,corrected,mu0,1.0,1.0,0.04368465066903625,0.043217304182502185,0.044122600384647485,0.00528865757050717,INTERIOR,5,10000,0,True,False,v3-shared-mu0:T5:H512:S2560,two_param_master_eta.csv,610f8e302d3a3ba7e888e268ad832d1be7e5015c0b93ab000208c57d0cf5d649,"source-reported paired training-seed bootstrap, equal-tailed 95%",A/A-equivalent mu=0 control appears under raw and corrected labels.,0.031350405899186334,0.9875756970034051,0.029450667182081548,1.3934317408684662,1.378524549936492,1.4074012478987596,0.9394030583459176,0.3942802325491046,0.5688261362191405,0.5533087647231586,0.5832175017287263,False,74.55204412322995
TP-v3:135M:T5:mu0:raw:H512:S2560,TP-v3,two_parameter_master,135M,135000000,5,512,2560,0.0,raw,mu0,1.0,1.0,0.04368465066903625,0.043217304182502185,0.044122600384647485,0.00528865757050717,INTERIOR,5,10000,0,True,False,v3-shared-mu0:T5:H512:S2560,two_param_master_eta.csv,610f8e302d3a3ba7e888e268ad832d1be7e5015c0b93ab000208c57d0cf5d649,"source-reported paired training-seed bootstrap, equal-tailed 95%",A/A-equivalent mu=0 control appears under raw and corrected labels.,0.031350405899186334,0.9875756970034051,0.029450667182081548,1.3934317408684662,1.378524549936492,1.4074012478987596,0.9394030583459176,0.3942802325491046,0.5688261362191405,0.5533087647231586,0.5832175017287263,False,74.55204412322995
TP-v3:135M:T5:mu0.9:corrected:H512:S2560,TP-v3,two_parameter_master,135M,135000000,5,512,2560,0.9,corrected,nesterov_corrected,1.0,0.09999999999999998,0.0037635069323807826,0.0037009904179706936,0.003826021602977354,0.008475934573921368,INTERIOR,5,10000,0,True,False,v3:T5:H512:S2560:mu0.9,two_param_master_eta.csv,610f8e302d3a3ba7e888e268ad832d1be7e5015c0b93ab000208c57d0cf5d649,"source-reported paired training-seed bootstrap, equal-tailed 95%",,0.031350405899186334,0.9875756970034051,0.002945066718208154,1.2004651373520052,1.1805239236365834,1.2204057629367584,0.9394030583459176,0.24521974590786888,0.3537773113493341,0.3296110828751357,0.37754470207209656,False,28.931292917521734
TP-v3:135M:T5:mu0.9:raw:H512:S2560,TP-v3,two_parameter_master,135M,135000000,5,512,2560,0.9,raw,nesterov_raw,4.68559,0.46855899999999995,0.011213071024992464,0.010980028499783506,0.011509975640344762,0.012024729797611234,INTERIOR,5,10000,0,True,False,v3:T5:H512:S2560:mu0.9,two_param_master_eta.csv,610f8e302d3a3ba7e888e268ad832d1be7e5015c0b93ab000208c57d0cf5d649,"source-reported paired training-seed bootstrap, equal-tailed 95%",,0.031350405899186334,0.9875756970034051,0.013799375164168947,0.7633384185161612,0.7474738697013429,0.7835504281456396,0.9394030583459176,-0.20754315955559788,-0.29942148706128796,-0.3297211442279393,-0.26171816307722756,False,-17.259694234196203
TP-v3:135M:T10:mu0:corrected:H512:S5120,TP-v3,two_parameter_master,135M,135000000,10,512,5120,0.0,corrected,mu0,1.0,1.0,0.03225158464590506,0.031921217934271884,0.03263244405798116,0.00562155286017385,INTERIOR,5,10000,0,True,False,v3-shared-mu0:T10:H512:S5120,two_param_master_eta.csv,610f8e302d3a3ba7e888e268ad832d1be7e5015c0b93ab000208c57d0cf5d649,"source-reported paired training-seed bootstrap, equal-tailed 95%",A/A-equivalent mu=0 control appears under raw and corrected labels.,0.031350405899186334,0.9875756970034051,0.027666046821175162,1.0287453613716087,1.0182074846788622,1.040893829665794,0.8824781060296635,0.15336126351816226,0.2212535343421182,0.20639918458602366,0.2381905312210288,False,27.28094306551081
TP-v3:135M:T10:mu0:raw:H512:S5120,TP-v3,two_parameter_master,135M,135000000,10,512,5120,0.0,raw,mu0,1.0,1.0,0.03225158464590506,0.031921217934271884,0.03263244405798116,0.00562155286017385,INTERIOR,5,10000,0,True,False,v3-shared-mu0:T10:H512:S5120,two_param_master_eta.csv,610f8e302d3a3ba7e888e268ad832d1be7e5015c0b93ab000208c57d0cf5d649,"source-reported paired training-seed bootstrap, equal-tailed 95%",A/A-equivalent mu=0 control appears under raw and corrected labels.,0.031350405899186334,0.9875756970034051,0.027666046821175162,1.0287453613716087,1.0182074846788622,1.040893829665794,0.8824781060296635,0.15336126351816226,0.2212535343421182,0.20639918458602366,0.2381905312210288,False,27.28094306551081
TP-v3:135M:T10:mu0.9:corrected:H512:S5120,TP-v3,two_parameter_master,135M,135000000,10,512,5120,0.9,corrected,nesterov_corrected,1.0,0.09999999999999998,0.002412423173519426,0.002370534501361145,0.0024547157165679782,0.008902076610787004,INTERIOR,5,10000,0,True,False,v3:T10:H512:S5120:mu0.9,two_param_master_eta.csv,610f8e302d3a3ba7e888e268ad832d1be7e5015c0b93ab000208c57d0cf5d649,"source-reported paired training-seed bootstrap, equal-tailed 95%",,0.031350405899186334,0.9875756970034051,0.0027666046821175154,0.769503010990374,0.7561415660722499,0.7829932806808375,0.8824781060296635,-0.13698911327891716,-0.19763351438327023,-0.2229041225917377,-0.17256055910594484,False,-15.388444659409238
TP-v3:135M:T10:mu0.9:raw:H512:S5120,TP-v3,two_parameter_master,135M,135000000,10,512,5120,0.9,raw,nesterov_raw,6.861894039100001,0.6861894039099999,0.00512263751982993,0.005063916841064906,0.005204064493524694,0.006964334737830491,INTERIOR,5,10000,0,True,False,v3:T10:H512:S5120:mu0.9,two_param_master_eta.csv,610f8e302d3a3ba7e888e268ad832d1be7e5015c0b93ab000208c57d0cf5d649,"source-reported paired training-seed bootstrap, equal-tailed 95%",,0.031350405899186334,0.9875756970034051,0.018984148176768332,0.23812579918165994,0.23539616849721615,0.24191093195963823,0.8824781060296635,-1.3099348774493724,-1.8898365515837017,-1.9064696480036294,-1.8670845198656132,False,-188.09188914107816
TP-v3:135M:T20:mu0:corrected:H512:S10240,TP-v3,two_parameter_master,135M,135000000,20,512,10240,0.0,corrected,mu0,1.0,1.0,0.027577613353225165,0.027265598491109204,0.027911578085926016,0.005973530395864806,INTERIOR,5,10000,0,True,False,v3-shared-mu0:T20:H512:S10240,two_param_master_eta.csv,610f8e302d3a3ba7e888e268ad832d1be7e5015c0b93ab000208c57d0cf5d649,"source-reported paired training-seed bootstrap, equal-tailed 95%",A/A-equivalent mu=0 control appears under raw and corrected labels.,0.031350405899186334,0.9875756970034051,0.02441468060007866,0.8796572982789008,0.8697047999565726,0.8903099428977547,0.778767607621702,0.12181971789506685,0.17574870288970545,0.15933291921015466,0.1931147905494921,False,20.393253205741935
TP-v3:135M:T20:mu0:raw:H512:S10240,TP-v3,two_parameter_master,135M,135000000,20,512,10240,0.0,raw,mu0,1.0,1.0,0.027577613353225165,0.027265598491109204,0.027911578085926016,0.005973530395864806,INTERIOR,5,10000,0,True,False,v3-shared-mu0:T20:H512:S10240,two_param_master_eta.csv,610f8e302d3a3ba7e888e268ad832d1be7e5015c0b93ab000208c57d0cf5d649,"source-reported paired training-seed bootstrap, equal-tailed 95%",A/A-equivalent mu=0 control appears under raw and corrected labels.,0.031350405899186334,0.9875756970034051,0.02441468060007866,0.8796572982789008,0.8697047999565726,0.8903099428977547,0.778767607621702,0.12181971789506685,0.17574870288970545,0.15933291921015466,0.1931147905494921,False,20.393253205741935
TP-v3:135M:T20:mu0.9:corrected:H512:S10240,TP-v3,two_parameter_master,135M,135000000,20,512,10240,0.9,corrected,nesterov_corrected,1.0,0.09999999999999998,0.0014633398831532362,0.00143917253689954,0.001522736450067774,0.01439840005647157,INTERIOR,5,10000,2238,False,False,v3:T20:H512:S10240:mu0.9,two_param_master_eta.csv,610f8e302d3a3ba7e888e268ad832d1be7e5015c0b93ab000208c57d0cf5d649,"source-reported paired training-seed bootstrap, equal-tailed 95%",,0.031350405899186334,0.9875756970034051,0.0024414680600078655,0.4667690389269301,0.45906025635760356,0.48571506696418737,0.778767607621702,-0.5118781079476968,-0.7384840078757677,-0.7625093426987066,-0.6810826375568447,False,
TP-v3:135M:T20:mu0.9:raw:H512:S10240,TP-v3,two_parameter_master,135M,135000000,20,512,10240,0.9,raw,nesterov_raw,8.905810108684879,0.8905810108684876,0.0027297607173336846,0.0027090480201665446,0.0027536032517479843,0.004161565826079405,INTERIOR,5,10000,0,True,False,v3:T20:H512:S10240:mu0.9,two_param_master_eta.csv,610f8e302d3a3ba7e888e268ad832d1be7e5015c0b93ab000208c57d0cf5d649,"source-reported paired training-seed bootstrap, equal-tailed 95%",,0.031350405899186334,0.9875756970034051,0.02174325092884931,0.0977705325746411,0.09702867581766259,0.09862448921370222,0.778767607621702,-2.0750894512320364,-2.9937212606934596,-3.0047097882893543,-2.9811750488655595,False,-498.63189432881563
TP-v3:135M:T40:mu0.9:raw:H512:S20480,TP-v3,two_parameter_master,135M,135000000,40,512,20480,0.9,raw,nesterov_raw,9.86697205352709,0.9866972053527089,0.0028449780240488113,0.0026907142060222673,0.0030962942759560456,0.03581681607929086,INTERIOR,5,10000,0,True,False,v3:T40:H512:S20480:mu0.9,two_param_master_eta.csv,610f8e302d3a3ba7e888e268ad832d1be7e5015c0b93ab000208c57d0cf5d649,"source-reported paired training-seed bootstrap, equal-tailed 95%",,0.031350405899186334,0.9875756970034051,0.018760431546185972,0.09197119932484364,0.08698422640751356,0.1000956406746009,0.6064789866808292,-1.8861946037047432,-2.7212036009163567,-2.801631946048613,-2.599078515766762,False,-52.66226343316243
G4C:1.7B:T5:mu0:mu0:H512:S2560,G4C,v4_family_final_combined,1.7B,1711376384,5,512,2560,0.0,mu0,mu0,1.0,1.0,0.018325769055929243,0.016872617038490002,0.019466318807351182,0.036478659402852116,INTERIOR,5,10000,0,True,False,G4C:T5:mu0,g4c-readout.json,16bab85dce3a83f42c8b1c91be8d91eb1ec1372cfba572f2ffd9b491044b04aa,recomputed paired 5-seed bootstrap with canonical 0.5-bit near-bracket rule,Final G4/G4B/G4C combined-grid estimator; earlier cumulative fits are superseded.,0.005184091153193403,0.9875756970034051,0.0048699510840539,3.535001317374707,3.2546914280425914,3.755010903957566,0.9394030583459176,1.3252243217715671,1.9118945570852799,1.7927045747304113,1.999000901510926,False,36.32875614030797
G4C:1.7B:T5:mu0.9:raw:H512:S2560,G4C,v4_family_final_combined,1.7B,1711376384,5,512,2560,0.9,raw,nesterov_raw,4.68559,0.46855899999999995,0.003191644884294105,0.0030820435431727937,0.00328187529084652,0.016026347807882493,INTERIOR,5,10000,0,True,False,G4C:T5:mu0.9,g4c-readout.json,16bab85dce3a83f42c8b1c91be8d91eb1ec1372cfba572f2ffd9b491044b04aa,recomputed paired 5-seed bootstrap with canonical 0.5-bit near-bracket rule,Final G4/G4B/G4C combined-grid estimator; earlier cumulative fits are superseded.,0.005184091153193403,0.9875756970034051,0.002281859409993211,1.3139464036782644,1.2688253788696062,1.3510927412220777,0.9394030583459176,0.33554578031040627,0.48409023324504075,0.43367733743679915,0.5243105114238519,False,20.937133296543674
G4C:1.7B:T20:mu0:mu0:H512:S10240,G4C,v4_family_final_combined,1.7B,1711376384,20,512,10240,0.0,mu0,mu0,1.0,1.0,0.0064207514470033394,0.005786519121340304,0.006779880929032703,0.040416206160772954,INTERIOR,5,10000,0,True,False,G4C:T20:mu0,g4c-readout.json,16bab85dce3a83f42c8b1c91be8d91eb1ec1372cfba572f2ffd9b491044b04aa,recomputed paired 5-seed bootstrap with canonical 0.5-bit near-bracket rule,Final G4/G4B/G4C combined-grid estimator; earlier cumulative fits are superseded.,0.005184091153193403,0.9875756970034051,0.0040372022650652616,1.2385491028737319,1.1162070554596255,1.3078244052202461,0.778767607621702,0.4639832152411696,0.6693862836841519,0.519339888323602,0.7479040683087794,False,11.480127882252864
G4C:1.7B:T20:mu0.9:raw:H512:S10240,G4C,v4_family_final_combined,1.7B,1711376384,20,512,10240,0.9,raw,nesterov_raw,8.905810108684879,0.8905810108684876,0.0008223020084526104,0.0007814982500357739,0.0008544903546312397,0.022779067585125937,INTERIOR,5,10000,0,True,False,G4C:T20:mu0.9,g4c-readout.json,16bab85dce3a83f42c8b1c91be8d91eb1ec1372cfba572f2ffd9b491044b04aa,recomputed paired 5-seed bootstrap with canonical 0.5-bit near-bracket rule,Final G4/G4B/G4C combined-grid estimator; earlier cumulative fits are superseded.,0.005184091153193403,0.9875756970034051,0.0035954556743023687,0.17810876447236831,0.1692707622265419,0.1850806878160469,0.778767607621702,-1.4753182799071851,-2.1284343661549316,-2.201860076107283,-2.073038511740004,False,-64.76640338301313
G9A:1.7B:T10:mu0.9:corrected:H512:S5120,G9A,prospective_1p7B_grid,1.7B,1711376384,10,512,5120,0.9,corrected,nesterov_corrected,1.0,0.09999999999999998,0.000602076598394629,0.0005831216333836114,0.0006235972053491326,0.017119921090997296,INTERIOR,2,10000,0,True,False,G9A:corrected,supplemental-1p7b-readout.json,b572c017250414a96adaba472f75e4452933e26bc21e4ff9f207d032095b648a,"source-reported paired 2-seed bootstrap, equal-tailed 95%",Prospective 1.7B verification component.,0.005184091153193403,0.9875756970034051,0.00045748469423552505,1.1613927699240967,1.1248290513263994,1.2029055564831195,0.8824781060296635,0.2746412481396634,0.39622356671464765,0.3500733697734558,0.4468909857072503,False,16.042202921372493
G9A:1.7B:T10:mu0.9:raw:H512:S5120,G9A,prospective_1p7B_grid,1.7B,1711376384,10,512,5120,0.9,raw,nesterov_raw,6.861894039100001,0.6861894039099999,0.0012459463566852204,0.0012448812945771892,0.001454448410973222,0.03969117579128857,INTERIOR,2,10000,0,True,False,G9A:raw,supplemental-1p7b-readout.json,b572c017250414a96adaba472f75e4452933e26bc21e4ff9f207d032095b648a,"source-reported paired 2-seed bootstrap, equal-tailed 95%",Prospective 1.7B verification component.,0.005184091153193403,0.9875756970034051,0.0031392114963542357,0.3502536806899044,0.34995427620792197,0.4088666470940664,0.8824781060296635,-0.9240762855556408,-1.3331602745742166,-1.3343940491506021,-1.1099301048779597,False,-23.281655610677507
G9B:7B:T5:mu0:mu0:H512:S2560,G9B,final_7B_relative_grid,7B,7615616512,5,512,2560,0.0,mu0,mu0,1.0,1.0,0.007827012974649522,0.007827012974649522,0.007827012974649522,,INTERIOR_SINGLETON_SEED,1,10000,0,False,False,G9B:mu0,scale_predictions.json,6faab136f8d84347660e0891ed25b43a30a672dc774c56112b8092098402fbc6,source-reported empirical singleton-seed point mass; not noise-calibrating,One retained seed (907); included in equal-point fit/figure but excluded from inverse-variance and seed-noise tests. Raw joint readout unavailable in evacuation archive; this derived artifact binds upstream SHA-256 4d42a5f133684822f0fc81c69c3348610c7b3824836b1ecf937abb6e9515bcaf.,0.006262099461056741,0.9875756970034051,0.0058826353853830265,1.2499023727305505,1.2499023727305505,1.2499023727305505,0.9394030583459176,0.28557609620553315,0.4119992177921522,0.41199921779215165,0.41199921779215165,False,
G9B:7B:T5:mu0.9:raw:H512:S2560,G9B,final_7B_relative_grid,7B,7615616512,5,512,2560,0.9,raw,nesterov_raw,4.68559,0.46855899999999995,0.0020716295269735162,0.0020716295269735162,0.0020716295269735162,,INTERIOR_SINGLETON_SEED,1,10000,0,False,False,G9B:raw,scale_predictions.json,6faab136f8d84347660e0891ed25b43a30a672dc774c56112b8092098402fbc6,source-reported empirical singleton-seed point mass; not noise-calibrating,One retained seed (907); included in equal-point fit/figure but excluded from inverse-variance and seed-noise tests. Raw joint readout unavailable in evacuation archive; this derived artifact binds upstream SHA-256 4d42a5f133684822f0fc81c69c3348610c7b3824836b1ecf937abb6e9515bcaf.,0.006262099461056741,0.9875756970034051,0.0027563617535396852,0.706037627644295,0.706037627644295,0.706037627644295,0.9394030583459176,-0.2855760962055456,-0.41199921779217014,-0.4119992177921694,-0.4119992177921694,False,
