2026/10/08 16:32:12.313, 0 %, 4 MiB, 70.78 W
2026/10/08 16:32:26.015, 0 %, 4 MiB, 70.52 W
2026/10/08 16:32:39.584, 0 %, 4 MiB, 70.40 W
2026/10/08 16:32:53.186, 0 %, 4 MiB, 70.56 W
2026/10/08 16:33:06.740, 0 %, 4 MiB, 70.49 W
2026/10/08 16:33:20.827, 0 %, 4 MiB, 70.43 W
2026/10/08 16:33:34.351, 0 %, 4 MiB, 70.44 W
2026/10/08 16:33:47.891, 0 %, 4 MiB, 70.44 W
2026/10/08 16:34:01.540, 0 %, 4 MiB, 70.41 W
2026/10/08 16:34:15.071, 0 %, 4 MiB, 70.36 W
2026/10/08 16:34:29.137, 0 %, 4 MiB, 70.36 W
2026/10/08 16:34:42.697, 0 %, 4 MiB, 70.39 W
2026/10/08 16:34:56.307, 0 %, 4 MiB, 70.32 W
2026/10/08 16:35:09.806, 0 %, 4 MiB, 70.32 W
2026/10/08 16:35:23.412, 0 %, 4 MiB, 70.30 W
2026/10/08 16:35:37.666, 0 %, 2356 MiB, 124.73 W
2026/10/08 16:35:51.132, 0 %, 2357 MiB, 124.68 W
2026/10/08 16:36:04.636, 0 %, 3045 MiB, 124.87 W
2026/10/08 16:36:18.424, 0 %, 35091 MiB, 124.95 W
2026/10/08 16:36:32.124, 0 %, 35093 MiB, 124.98 W
2026/10/08 16:36:46.606, 0 %, 35249 MiB, 125.00 W
2026/10/08 16:37:00.228, 6 %, 35309 MiB, 126.18 W
2026/10/08 16:37:14.006, 0 %, 35343 MiB, 125.07 W
2026/10/08 16:37:27.515, 0 %, 35365 MiB, 124.98 W
2026/10/08 16:37:40.995, 0 %, 4947 MiB, 125.34 W
2026/10/08 16:37:54.997, 0 %, 6701 MiB, 124.90 W
2026/10/08 16:38:08.539, 0 %, 36607 MiB, 125.02 W
2026/10/08 16:38:22.135, 37 %, 8495 MiB, 142.29 W
2026/10/08 16:38:35.720, 53 %, 7593 MiB, 148.00 W
2026/10/08 16:38:49.316, 0 %, 4 MiB, 70.67 W
2026/10/08 16:39:03.409, 0 %, 4 MiB, 70.58 W
